query_line,query_text_preview,verse_reference,verse_text_preview,similarity_score
114,"She had changed, and the reader will see that I too, had changed. We were both victims to the same overshadowing evil, she as mistress, I as slave. I will not censure her harshly. # Chapter_12
IN the ",Psalms 15:4,"In whose eyes a vile person is contemned; but he honoureth them that fear the LORD. He that sweareth to his own hurt, and changeth not.",-5.6955
114,"She had changed, and the reader will see that I too, had changed. We were both victims to the same overshadowing evil, she as mistress, I as slave. I will not censure her harshly. # Chapter_12
IN the ",Genesis 39:19,"And it came to pass, when his master heard the words of his wife, which she spake unto him, saying, After this manner did thy servant to me; that his wrath was kindled.",-5.7096
114,"She had changed, and the reader will see that I too, had changed. We were both victims to the same overshadowing evil, she as mistress, I as slave. I will not censure her harshly. # Chapter_12
IN the ",Habakkuk 1:13,"Thou art of purer eyes than to behold evil, and canst not look on iniquity: wherefore lookest thou upon them that deal treacherously, and holdest thy tongue when the wicked devoureth the man that is m",-5.7447
114,"She had changed, and the reader will see that I too, had changed. We were both victims to the same overshadowing evil, she as mistress, I as slave. I will not censure her harshly. # Chapter_12
IN the ",Micah 7:10,"Then she that is mine enemy shall see it, and shame shall cover her which said unto me, Where is the LORD thy God? mine eyes shall behold her: now shall she be trodden down as the mire of the streets.",-5.7514
114,"She had changed, and the reader will see that I too, had changed. We were both victims to the same overshadowing evil, she as mistress, I as slave. I will not censure her harshly. # Chapter_12
IN the ",Judges 16:17,"That he told her all his heart, and said unto her, There hath not come a razor upon mine head; for I have been a Nazarite unto God from my mother’s womb: if I be shaven, then my strength will go from ",-5.8058
445,"Those who had stimulated the courage of the North before the election, and had shouted ""Who's afraid?"" were now shaking in their shoes with apprehension and dread. One was for passing laws in the nort",Deuteronomy 31:6,"Be strong and of a good courage, fear not, nor be afraid of them: for the LORD thy God, he it is that doth go with thee; he will not fail thee, nor forsake thee.",-5.9843
114,"She had changed, and the reader will see that I too, had changed. We were both victims to the same overshadowing evil, she as mistress, I as slave. I will not censure her harshly. # Chapter_12
IN the ",Hosea 7:13,"Woe unto them! for they have fled from me: destruction unto them! because they have transgressed against me: though I have redeemed them, yet they have spoken lies against me.",-6.0474
114,"She had changed, and the reader will see that I too, had changed. We were both victims to the same overshadowing evil, she as mistress, I as slave. I will not censure her harshly. # Chapter_12
IN the ",Genesis 27:45,"Until thy brother’s anger turn away from thee, and he forget that which thou hast done to him: then I will send, and fetch thee from thence: why should I be deprived also of you",-6.1802
103,"That which he most loved I most hated; and the very determination which he expressed to keep me in ignorance only rendered me the more resolute to seek intelligence. In learning to read, therefore, I ",2 Kings 13:15,"Then Amnon hated her exceedingly; so that the hatred wherewith he hated her was greater than the love wherewith he had loved her. And Amnon said unto her, Arise, be gone.",-6.1996
114,"She had changed, and the reader will see that I too, had changed. We were both victims to the same overshadowing evil, she as mistress, I as slave. I will not censure her harshly. # Chapter_12
IN the ",Job 10:15,"If I be wicked, woe unto me; and if I be righteous, yet will I not lift up my head. I am full of confusion; therefore see thou mine",-6.2254
445,"Those who had stimulated the courage of the North before the election, and had shouted ""Who's afraid?"" were now shaking in their shoes with apprehension and dread. One was for passing laws in the nort",Joshua 10:25,"And Joshua said unto them, Fear not, nor be dismayed, be strong and of good courage: for thus shall the LORD do to all your enemies against whom ye fight.",-6.3116
445,"Those who had stimulated the courage of the North before the election, and had shouted ""Who's afraid?"" were now shaking in their shoes with apprehension and dread. One was for passing laws in the nort",Psalms 53:5,"There were they in great fear, where no fear was: for God hath scattered the bones of him that encampeth against thee: thou hast put them to shame, because God hath despised them.",-6.3676
445,"Those who had stimulated the courage of the North before the election, and had shouted ""Who's afraid?"" were now shaking in their shoes with apprehension and dread. One was for passing laws in the nort",Jeremiah 46:5,"Wherefore have I seen them dismayed and turned away back? and their mighty ones are beaten down, and are fled apace, and look not back: for fear was round about, saith the LORD.",-6.4195
454,"On the third point he appeared to have less difficulty, though he did not absolutely commit himself. He simply said that he would sign any commission to colored soldiers whom his Secretary of War shou",1 Kings 29:4,"And the princes of the Philistines were wroth with him; and the princes of the Philistines said unto him, Make this fellow return, that he may go again to his place which thou hast appointed him, and ",-6.4340
454,"On the third point he appeared to have less difficulty, though he did not absolutely commit himself. He simply said that he would sign any commission to colored soldiers whom his Secretary of War shou",Ezekiel 5:2,"Thou shalt burn with fire a third part in the midst of the city, when the days of the siege are fulfilled: and thou shalt take a third part, and smite about it with a knife: and a third part thou shal",-6.4683
445,"Those who had stimulated the courage of the North before the election, and had shouted ""Who's afraid?"" were now shaking in their shoes with apprehension and dread. One was for passing laws in the nort",Deuteronomy 32:27,"Were it not that I feared the wrath of the enemy, lest their adversaries should behave themselves strangely, and lest they should say, Our hand is high, and the LORD hath not done all this.",-6.5421
114,"She had changed, and the reader will see that I too, had changed. We were both victims to the same overshadowing evil, she as mistress, I as slave. I will not censure her harshly. # Chapter_12
IN the ",Genesis 19:19,"Behold now, thy servant hath found grace in thy sight, and thou hast magnified thy mercy, which thou hast shewed unto me in saving my life; and I cannot escape to the mountain, lest some evil take me,",-6.5719
454,"On the third point he appeared to have less difficulty, though he did not absolutely commit himself. He simply said that he would sign any commission to colored soldiers whom his Secretary of War shou",2 Kings 1:13,"And he sent again a captain of the third fifty with his fifty. And the third captain of fifty went up, and came and fell on his knees before Elijah, and besought him, and said unto him, O man of God, ",-6.5783
445,"Those who had stimulated the courage of the North before the election, and had shouted ""Who's afraid?"" were now shaking in their shoes with apprehension and dread. One was for passing laws in the nort",Job 13:11,Shall not his excellency make you afraid? and his dread fall,-6.5951
445,"Those who had stimulated the courage of the North before the election, and had shouted ""Who's afraid?"" were now shaking in their shoes with apprehension and dread. One was for passing laws in the nort",Proverbs 29:25,The fear of man bringeth a snare: but whoso putteth his trust in the LORD shall be safe.,-6.6529
445,"Those who had stimulated the courage of the North before the election, and had shouted ""Who's afraid?"" were now shaking in their shoes with apprehension and dread. One was for passing laws in the nort",Daniel 11:25,And he shall stir up his power and his courage against the king of the south with a great army; and the king of the south shall be stirred up to battle with a very great and mighty army; but he shall ,-6.6698
445,"Those who had stimulated the courage of the North before the election, and had shouted ""Who's afraid?"" were now shaking in their shoes with apprehension and dread. One was for passing laws in the nort",Isaiah 8:12,"Say ye not, A confederacy, to all them to whom this people shall say, A confederacy; neither fear ye their fear, nor be afraid.",-6.6911
283,"In these remarks it is possible I do him injustice. He certainly did not exert his power over me as in the case he might have done, but acted, upon the whole, very generously, considering the nature o",1 Kings 31:4,"Then said Saul unto his armourbearer, Draw thy sword, and thrust me through therewith; lest these uncircumcised come and thrust me through, and abuse me. But his armourbearer would not; for he was sor",-6.7221
50,"From my heart I pitied her, and child as I was, and new to such scenes, the shock was tremendous. I was terrified, hushed, stunned and bewildered. The scene here described was often repeated, for Edwa",Jeremiah 8:21,For the hurt of the daughter of my people am I hurt; I am black; astonishment hath taken hold on me.,-6.7530
445,"Those who had stimulated the courage of the North before the election, and had shouted ""Who's afraid?"" were now shaking in their shoes with apprehension and dread. One was for passing laws in the nort",1 Kings 15:23,"For rebellion is as the sin of witchcraft, and stubbornness is as iniquity and idolatry. Because thou hast rejected the word of the LORD, he hath also rejected thee from being king.",-6.7611
10,"The father might be a freeman and the child a slave. The father might be a white man, glorying in the purity of his Anglo-Saxon blood, and the child ranked with the blackest slaves. Father he might be",Malachi 1:6,"A son honoureth his father, and a servant his master: if then I be a father, where is mine honour? and if I be a master, where is my fear? saith the LORD of hosts unto you, O priests, that despise my",-6.7875
454,"On the third point he appeared to have less difficulty, though he did not absolutely commit himself. He simply said that he would sign any commission to colored soldiers whom his Secretary of War shou",2 Kings 2:17,"And when they urged him till he was ashamed, he said, Send. They sent therefore fifty men; and they sought three days, but found him not.",-6.7923
50,"From my heart I pitied her, and child as I was, and new to such scenes, the shock was tremendous. I was terrified, hushed, stunned and bewildered. The scene here described was often repeated, for Edwa",Malachi 1:6,"A son honoureth his father, and a servant his master: if then I be a father, where is mine honour? and if I be a master, where is my fear? saith the LORD of hosts unto you, O priests, that despise my",-6.8091
150,"In addition to the pain of parting from friends, as I supposed, forever, I had the added grief of neglected chances of escape to brood over. I had put off running away until I was now to be placed whe",Genesis 19:19,"Behold now, thy servant hath found grace in thy sight, and thou hast magnified thy mercy, which thou hast shewed unto me in saving my life; and I cannot escape to the mountain, lest some evil take me,",-6.8496
674,"A half a million indeed! The fact is, I never was worth one-fifth of that sum and never expect to be. The offices held by me during the eleven years of my official life never brought me over three tho",Numbers 31:43,(Now the half that pertained unto the congregation was three hundred thousand and thirty thousand and seven,-6.8718
283,"In these remarks it is possible I do him injustice. He certainly did not exert his power over me as in the case he might have done, but acted, upon the whole, very generously, considering the nature o",1 Chronicles 10:4,"Then said Saul to his armourbearer, Draw thy sword, and thrust me through therewith; lest these uncircumcised come and abuse me. But his armourbearer would not; for he was sore afraid. So Saul took a ",-6.8901
10,"The father might be a freeman and the child a slave. The father might be a white man, glorying in the purity of his Anglo-Saxon blood, and the child ranked with the blackest slaves. Father he might be",John 8:44,"Ye are of your father the devil, and the lusts of your father ye will do. He was a murderer from the beginning, and abode not in the truth, because there is no truth in him. When he speaketh a lie, he",-6.9191
41,"The family of Captain Anthony never visited the great house, and the Lloyds never came to our house. Equal non-intercourse was observed between Captain Anthony's family and the family of Mr. Seveir, t",Mark 14:21,"The Son of man indeed goeth, as it is written of him: but woe to that man by whom the Son of man is betrayed! good were it for that man if he had never been born.",-6.9663
822,"It was alleged that, though our government did not authorize Rear-Admiral Gherardi to overthrow Légitime and to set up Hyppolite as President of Haïti, it gave him the wink, and left him to assume the",Luke 22:6,"And he promised, and sought opportunity to betray him unto them in the absence of the multitude.",-6.9670
652,"But I meant here only to say a word in conclusion. Forty years of my life have been given to the cause of my people, and if I had forty years more they should all be sacredly given to the same great c",Ecclesiastes 4:8,"There is one alone, and there is not a second; yea, he hath neither child nor brother: yet is there no end of all his labour; neither is his eye satisfied with riches; neither saith he, For whom do I ",-6.9744
50,"From my heart I pitied her, and child as I was, and new to such scenes, the shock was tremendous. I was terrified, hushed, stunned and bewildered. The scene here described was often repeated, for Edwa",Jeremiah 31:20,"Is Ephraim my dear son? is he a pleasant child? for since I spake against him, I do earnestly remember him still: therefore my bowels are troubled for him; I will surely have mercy upon him, saith the",-6.9821
454,"On the third point he appeared to have less difficulty, though he did not absolutely commit himself. He simply said that he would sign any commission to colored soldiers whom his Secretary of War shou",Psalms 83:5,For they have consulted together with one consent: they are confederate against thee:,-6.9953
396,"Y., and will long be remembered there for the surprise and gratification it caused our friends in that city. They were not looking for such exhibitions of enlightened zeal and ability as were there di",1 Kings 8:48,"And so return unto thee with all their heart, and with all their soul, in the land of their enemies, which led them away captive, and pray unto thee toward their land, which thou gavest unto their fat",-7.0013
10,"The father might be a freeman and the child a slave. The father might be a white man, glorying in the purity of his Anglo-Saxon blood, and the child ranked with the blackest slaves. Father he might be",Mark 14:21,"The Son of man indeed goeth, as it is written of him: but woe to that man by whom the Son of man is betrayed! good were it for that man if he had never been born.",-7.0077
822,"It was alleged that, though our government did not authorize Rear-Admiral Gherardi to overthrow Légitime and to set up Hyppolite as President of Haïti, it gave him the wink, and left him to assume the",Daniel 11:18,"After this shall he turn his face unto the isles, and shall take many: but a prince for his own behalf shall cause the reproach offered by him to cease; without his own reproach he shall cause it to t",-7.0140
10,"The father might be a freeman and the child a slave. The father might be a white man, glorying in the purity of his Anglo-Saxon blood, and the child ranked with the blackest slaves. Father he might be",Matthew 26:24,The Son of man goeth as it is written of him: but woe unto that man by whom the Son of man is betrayed! it had been good for that man if he had not been born.,-7.0814
114,"She had changed, and the reader will see that I too, had changed. We were both victims to the same overshadowing evil, she as mistress, I as slave. I will not censure her harshly. # Chapter_12
IN the ",1 Corinthians 15:43,It is sown in dishonour; it is raised in glory: it is sown in weakness; it is raised,-7.0860
75,"Slaveholders are known to have sent spies among their slaves to ascertain, if possible, their views and feelings in regard to their condition; hence the maxim established among them, that ""a still ton",Habakkuk 1:13,"Thou art of purer eyes than to behold evil, and canst not look on iniquity: wherefore lookest thou upon them that deal treacherously, and holdest thy tongue when the wicked devoureth the man that is m",-7.1038
744,"He was the son of Rev. Lant Carpenter, who for a long time was an honored pastor in Bristol. He was also the brother of Philip and Mary Carpenter, and one of a family distinguished for every moral and",Mark 14:21,"The Son of man indeed goeth, as it is written of him: but woe to that man by whom the Son of man is betrayed! good were it for that man if he had never been born.",-7.1301
454,"On the third point he appeared to have less difficulty, though he did not absolutely commit himself. He simply said that he would sign any commission to colored soldiers whom his Secretary of War shou",1 Chronicles 21:12,"Either three years’ famine; or three months to be destroyed before thy foes, while that the sword of thine enemies overtaketh thee; or else three days the sword of the LORD, even the pestilence, in th",-7.1474
41,"The family of Captain Anthony never visited the great house, and the Lloyds never came to our house. Equal non-intercourse was observed between Captain Anthony's family and the family of Mr. Seveir, t",Matthew 26:24,The Son of man goeth as it is written of him: but woe unto that man by whom the Son of man is betrayed! it had been good for that man if he had not been born.,-7.1565
41,"The family of Captain Anthony never visited the great house, and the Lloyds never came to our house. Equal non-intercourse was observed between Captain Anthony's family and the family of Mr. Seveir, t",Jeremiah 31:20,"Is Ephraim my dear son? is he a pleasant child? for since I spake against him, I do earnestly remember him still: therefore my bowels are troubled for him; I will surely have mercy upon him, saith the",-7.1629
50,"From my heart I pitied her, and child as I was, and new to such scenes, the shock was tremendous. I was terrified, hushed, stunned and bewildered. The scene here described was often repeated, for Edwa",Isaiah 50:2,"Wherefore, when I came, was there no man? when I called, was there none to answer? Is my hand shortened at all, that it cannot redeem? or have I no power to deliver? behold, at my rebuke I dry up the ",-7.1703
283,"In these remarks it is possible I do him injustice. He certainly did not exert his power over me as in the case he might have done, but acted, upon the whole, very generously, considering the nature o",Jeremiah 29:31,"Send to all them of the captivity, saying, Thus saith the LORD concerning Shemaiah the Nehelamite; Because that Shemaiah hath prophesied unto you, and I sent him not, and he caused you to trust in a l",-7.1705
41,"The family of Captain Anthony never visited the great house, and the Lloyds never came to our house. Equal non-intercourse was observed between Captain Anthony's family and the family of Mr. Seveir, t",Habakkuk 1:13,"Thou art of purer eyes than to behold evil, and canst not look on iniquity: wherefore lookest thou upon them that deal treacherously, and holdest thy tongue when the wicked devoureth the man that is m",-7.1712
396,"Y., and will long be remembered there for the surprise and gratification it caused our friends in that city. They were not looking for such exhibitions of enlightened zeal and ability as were there di",1 Kings 20:25,"And number thee an army, like the army that thou hast lost, horse for horse, and chariot for chariot: and we will fight against them in the plain, and surely we shall be stronger than they. And he hea",-7.1720
50,"From my heart I pitied her, and child as I was, and new to such scenes, the shock was tremendous. I was terrified, hushed, stunned and bewildered. The scene here described was often repeated, for Edwa",Jeremiah 8:19,Behold the voice of the cry of the daughter of my people because of them that dwell in a far country: Is not the LORD in Zion? is not her king in her? Why have they provoked me to anger with their gra,-7.1843
50,"From my heart I pitied her, and child as I was, and new to such scenes, the shock was tremendous. I was terrified, hushed, stunned and bewildered. The scene here described was often repeated, for Edwa",Mark 14:21,"The Son of man indeed goeth, as it is written of him: but woe to that man by whom the Son of man is betrayed! good were it for that man if he had never been born.",-7.1848
10,"The father might be a freeman and the child a slave. The father might be a white man, glorying in the purity of his Anglo-Saxon blood, and the child ranked with the blackest slaves. Father he might be",1 John 2:13,"I write unto you, fathers, because ye have known him that is from the beginning. I write unto you, young men, because ye have overcome the wicked one. I write unto you, little children, because ye hav",-7.1901
50,"From my heart I pitied her, and child as I was, and new to such scenes, the shock was tremendous. I was terrified, hushed, stunned and bewildered. The scene here described was often repeated, for Edwa",Matthew 26:24,The Son of man goeth as it is written of him: but woe unto that man by whom the Son of man is betrayed! it had been good for that man if he had not been born.,-7.1930
396,"Y., and will long be remembered there for the surprise and gratification it caused our friends in that city. They were not looking for such exhibitions of enlightened zeal and ability as were there di",Daniel 11:25,And he shall stir up his power and his courage against the king of the south with a great army; and the king of the south shall be stirred up to battle with a very great and mighty army; but he shall ,-7.1960
454,"On the third point he appeared to have less difficulty, though he did not absolutely commit himself. He simply said that he would sign any commission to colored soldiers whom his Secretary of War shou",1 Kings 20:25,"And number thee an army, like the army that thou hast lost, horse for horse, and chariot for chariot: and we will fight against them in the plain, and surely we shall be stronger than they. And he hea",-7.2285
75,"Slaveholders are known to have sent spies among their slaves to ascertain, if possible, their views and feelings in regard to their condition; hence the maxim established among them, that ""a still ton",Proverbs 23:20,Be not among winebibbers; among riotous eaters of flesh: 23:21 For the drunkard and the glutton shall come to poverty: and drowsiness shall clothe a man with rags.,-7.2375
822,"It was alleged that, though our government did not authorize Rear-Admiral Gherardi to overthrow Légitime and to set up Hyppolite as President of Haïti, it gave him the wink, and left him to assume the",2 Kings 23:19,Was he not most honourable of three? therefore he was their captain: howbeit he attained not unto the first three.,-7.2382
75,"Slaveholders are known to have sent spies among their slaves to ascertain, if possible, their views and feelings in regard to their condition; hence the maxim established among them, that ""a still ton",Ecclesiastes 2:21,"For there is a man whose labour is in wisdom, and in knowledge, and in equity; yet to a man that hath not laboured therein shall he leave it for his portion. This also is vanity and a great evil.",-7.2497
822,"It was alleged that, though our government did not authorize Rear-Admiral Gherardi to overthrow Légitime and to set up Hyppolite as President of Haïti, it gave him the wink, and left him to assume the",Acts 6:13,"And set up false witnesses, which said, This man ceaseth not to",-7.2542
283,"In these remarks it is possible I do him injustice. He certainly did not exert his power over me as in the case he might have done, but acted, upon the whole, very generously, considering the nature o",1 Kings 29:4,"And the princes of the Philistines were wroth with him; and the princes of the Philistines said unto him, Make this fellow return, that he may go again to his place which thou hast appointed him, and ",-7.2669
822,"It was alleged that, though our government did not authorize Rear-Admiral Gherardi to overthrow Légitime and to set up Hyppolite as President of Haïti, it gave him the wink, and left him to assume the",Isaiah 50:2,"Wherefore, when I came, was there no man? when I called, was there none to answer? Is my hand shortened at all, that it cannot redeem? or have I no power to deliver? behold, at my rebuke I dry up the ",-7.2938
75,"Slaveholders are known to have sent spies among their slaves to ascertain, if possible, their views and feelings in regard to their condition; hence the maxim established among them, that ""a still ton",Romans 14:4,"Who art thou that judgest another man’s servant? to his own master he standeth or falleth. Yea, he shall be holden up: for God is able to make him stand.",-7.2999
799,"The Republican party and the nation were pledged to the protection of the constitutional rights of the colored citizens. If it refused to perform its promise, it would be false to its highest trust. A",Luke 1:73,The oath which he,-7.3144
75,"Slaveholders are known to have sent spies among their slaves to ascertain, if possible, their views and feelings in regard to their condition; hence the maxim established among them, that ""a still ton",Psalms 15:4,"In whose eyes a vile person is contemned; but he honoureth them that fear the LORD. He that sweareth to his own hurt, and changeth not.",-7.3165
283,"In these remarks it is possible I do him injustice. He certainly did not exert his power over me as in the case he might have done, but acted, upon the whole, very generously, considering the nature o",Genesis 27:45,"Until thy brother’s anger turn away from thee, and he forget that which thou hast done to him: then I will send, and fetch thee from thence: why should I be deprived also of you",-7.3245
822,"It was alleged that, though our government did not authorize Rear-Admiral Gherardi to overthrow Légitime and to set up Hyppolite as President of Haïti, it gave him the wink, and left him to assume the",Romans 16:19,"For your obedience is come abroad unto all men. I am glad therefore on your behalf: but yet I would have you wise unto that which is good, and simple concerning evil.",-7.3280
822,"It was alleged that, though our government did not authorize Rear-Admiral Gherardi to overthrow Légitime and to set up Hyppolite as President of Haïti, it gave him the wink, and left him to assume the",Proverbs 8:29,"When he gave to the sea his decree, that the waters should not pass his commandment:",-7.3427
283,"In these remarks it is possible I do him injustice. He certainly did not exert his power over me as in the case he might have done, but acted, upon the whole, very generously, considering the nature o",Leviticus 25:47,"And if a sojourner or stranger wax rich by thee, and thy brother that dwelleth by him wax poor, and sell himself unto the stranger or sojourner by thee, or to the stock of the stranger’s family: 25:48",-7.3487
41,"The family of Captain Anthony never visited the great house, and the Lloyds never came to our house. Equal non-intercourse was observed between Captain Anthony's family and the family of Mr. Seveir, t",Ezekiel 28:2,"Son of man, say unto the prince of Tyrus, Thus saith the Lord GOD; Because thine heart is lifted up, and thou hast said, I am a God, I sit in the seat of God, in the midst of the seas; yet thou art a ",-7.3504
22,"I can therefore fondly and proudly ascribe to her an earnest love of knowledge. That in any slave State a field-hand should learn to read is remarkable, but the achievement of my mother, considering t",Jeremiah 31:20,"Is Ephraim my dear son? is he a pleasant child? for since I spake against him, I do earnestly remember him still: therefore my bowels are troubled for him; I will surely have mercy upon him, saith the",-7.3707
454,"On the third point he appeared to have less difficulty, though he did not absolutely commit himself. He simply said that he would sign any commission to colored soldiers whom his Secretary of War shou",1 Kings 9:16,"To morrow about this time I will send thee a man out of the land of Benjamin, and thou shalt anoint him to be captain over my people Israel, that he may save my people out of the hand of the Philistin",-7.3886
682,"The lesson taught by its example and its warning is, that political parties, like individual men, are only strong while they are consistent and honest, and that treachery and deception are only the sa",Isaiah 9:17,"Therefore the LORD shall have no joy in their young men, neither shall have mercy on their fatherless and widows: for every one is an hypocrite and an evildoer, and every mouth speaketh folly. For all",-7.3905
454,"On the third point he appeared to have less difficulty, though he did not absolutely commit himself. He simply said that he would sign any commission to colored soldiers whom his Secretary of War shou",Daniel 11:29,"At the time appointed he shall return, and come toward the south; but it shall not be as the former, or as the latter.",-7.3985
22,"I can therefore fondly and proudly ascribe to her an earnest love of knowledge. That in any slave State a field-hand should learn to read is remarkable, but the achievement of my mother, considering t",Ruth 2:19,"And her mother in law said unto her, Where hast thou gleaned to day? and where wroughtest thou? blessed be he that did take knowledge of thee. And she shewed her mother in law with whom she had wrough",-7.4045
41,"The family of Captain Anthony never visited the great house, and the Lloyds never came to our house. Equal non-intercourse was observed between Captain Anthony's family and the family of Mr. Seveir, t",Malachi 1:6,"A son honoureth his father, and a servant his master: if then I be a father, where is mine honour? and if I be a master, where is my fear? saith the LORD of hosts unto you, O priests, that despise my",-7.4090
10,"The father might be a freeman and the child a slave. The father might be a white man, glorying in the purity of his Anglo-Saxon blood, and the child ranked with the blackest slaves. Father he might be",Isaiah 57:13,"When thou criest, let thy companies deliver thee; but the wind shall carry them all away; vanity shall take them: but he that putteth his trust in me shall possess the land, and shall inherit my holy",-7.4148
454,"On the third point he appeared to have less difficulty, though he did not absolutely commit himself. He simply said that he would sign any commission to colored soldiers whom his Secretary of War shou",Matthew 8:9,"For I am a man under authority, having soldiers under me: and I say to this man, Go, and he goeth; and to another, Come, and he cometh; and to my servant, Do this, and he doeth it.",-7.4155
83,"One of the commonest sayings to which my ears early became accustomed, was, that it was ""worth but a half a cent to kill a nigger, and half a cent to bury one."" While I heard of numerous murders commi",Habakkuk 1:13,"Thou art of purer eyes than to behold evil, and canst not look on iniquity: wherefore lookest thou upon them that deal treacherously, and holdest thy tongue when the wicked devoureth the man that is m",-7.4182
660,"Perhaps a political abolitionist would equally misjudge and underrate the value of the non-voting and moral-suasion party, of which Mr. Garrison was the admitted leader; while in fact the two were the",Romans 16:19,"For your obedience is come abroad unto all men. I am glad therefore on your behalf: but yet I would have you wise unto that which is good, and simple concerning evil.",-7.4227
50,"From my heart I pitied her, and child as I was, and new to such scenes, the shock was tremendous. I was terrified, hushed, stunned and bewildered. The scene here described was often repeated, for Edwa",Job 10:15,"If I be wicked, woe unto me; and if I be righteous, yet will I not lift up my head. I am full of confusion; therefore see thou mine",-7.4272
396,"Y., and will long be remembered there for the surprise and gratification it caused our friends in that city. They were not looking for such exhibitions of enlightened zeal and ability as were there di",Habakkuk 1:13,"Thou art of purer eyes than to behold evil, and canst not look on iniquity: wherefore lookest thou upon them that deal treacherously, and holdest thy tongue when the wicked devoureth the man that is m",-7.4294
639,"Though his folly may be less apparent, it is just as real when one-half of the moral and intellectual power of the world is excluded from any voice or vote in civil government. In this denial of the r",Luke 18:7,"And shall not God avenge his own elect, which cry day and night",-7.4348
799,"The Republican party and the nation were pledged to the protection of the constitutional rights of the colored citizens. If it refused to perform its promise, it would be false to its highest trust. A",John 7:43,So there was a division among the people because of him.,-7.4680
195,"I say I have no doubt of this; the reason is, that there were not, under the whole heavens, a set of men who cultivated such a dread of labor as did the slaveholders. The charge of laziness against th",1 Chronicles 10:4,"Then said Saul to his armourbearer, Draw thy sword, and thrust me through therewith; lest these uncircumcised come and abuse me. But his armourbearer would not; for he was sore afraid. So Saul took a ",-7.4742
10,"The father might be a freeman and the child a slave. The father might be a white man, glorying in the purity of his Anglo-Saxon blood, and the child ranked with the blackest slaves. Father he might be",Ezra 7:4,The son of,-7.4783
240,"We were generally a unit, and moved together. Thoughts and sentiments were exchanged between us which might well have been considered incendiary had they been known by our masters. The slaveholder, we",Isaiah 57:13,"When thou criest, let thy companies deliver thee; but the wind shall carry them all away; vanity shall take them: but he that putteth his trust in me shall possess the land, and shall inherit my holy",-7.4910
50,"From my heart I pitied her, and child as I was, and new to such scenes, the shock was tremendous. I was terrified, hushed, stunned and bewildered. The scene here described was often repeated, for Edwa",Psalms 43:5,"Why art thou cast down, O my soul? and why art thou disquieted within me? hope in God: for I shall yet praise him, who is the health of my countenance, and my God.",-7.4934
41,"The family of Captain Anthony never visited the great house, and the Lloyds never came to our house. Equal non-intercourse was observed between Captain Anthony's family and the family of Mr. Seveir, t",Ezra 7:4,The son of,-7.4976
682,"The lesson taught by its example and its warning is, that political parties, like individual men, are only strong while they are consistent and honest, and that treachery and deception are only the sa",Matthew 26:24,The Son of man goeth as it is written of him: but woe unto that man by whom the Son of man is betrayed! it had been good for that man if he had not been born.,-7.5018
639,"Though his folly may be less apparent, it is just as real when one-half of the moral and intellectual power of the world is excluded from any voice or vote in civil government. In this denial of the r",Romans 16:19,"For your obedience is come abroad unto all men. I am glad therefore on your behalf: but yet I would have you wise unto that which is good, and simple concerning evil.",-7.5034
744,"He was the son of Rev. Lant Carpenter, who for a long time was an honored pastor in Bristol. He was also the brother of Philip and Mary Carpenter, and one of a family distinguished for every moral and",Romans 16:19,"For your obedience is come abroad unto all men. I am glad therefore on your behalf: but yet I would have you wise unto that which is good, and simple concerning evil.",-7.5191
41,"The family of Captain Anthony never visited the great house, and the Lloyds never came to our house. Equal non-intercourse was observed between Captain Anthony's family and the family of Mr. Seveir, t",Genesis 27:45,"Until thy brother’s anger turn away from thee, and he forget that which thou hast done to him: then I will send, and fetch thee from thence: why should I be deprived also of you",-7.5252
822,"It was alleged that, though our government did not authorize Rear-Admiral Gherardi to overthrow Légitime and to set up Hyppolite as President of Haïti, it gave him the wink, and left him to assume the",Romans 14:4,"Who art thou that judgest another man’s servant? to his own master he standeth or falleth. Yea, he shall be holden up: for God is able to make him stand.",-7.5307
396,"Y., and will long be remembered there for the surprise and gratification it caused our friends in that city. They were not looking for such exhibitions of enlightened zeal and ability as were there di",Isaiah 29:8,"It shall even be as when an hungry man dreameth, and, behold, he eateth; but he awaketh, and his soul is empty: or as when a thirsty man dreameth, and, behold, he drinketh; but he awaketh, and, behold",-7.5477
10,"The father might be a freeman and the child a slave. The father might be a white man, glorying in the purity of his Anglo-Saxon blood, and the child ranked with the blackest slaves. Father he might be",Genesis 49:9,"Judah is a lion’s whelp: from the prey, my son, thou art gone up: he stooped down, he couched as a lion, and as an old lion; who shall",-7.5513
150,"In addition to the pain of parting from friends, as I supposed, forever, I had the added grief of neglected chances of escape to brood over. I had put off running away until I was now to be placed whe",Isaiah 50:2,"Wherefore, when I came, was there no man? when I called, was there none to answer? Is my hand shortened at all, that it cannot redeem? or have I no power to deliver? behold, at my rebuke I dry up the ",-7.5543
41,"The family of Captain Anthony never visited the great house, and the Lloyds never came to our house. Equal non-intercourse was observed between Captain Anthony's family and the family of Mr. Seveir, t",Deuteronomy 8:15,"Who led thee through that great and terrible wilderness, wherein were fiery serpents, and scorpions, and drought, where there was no water; who brought thee",-7.5682
75,"Slaveholders are known to have sent spies among their slaves to ascertain, if possible, their views and feelings in regard to their condition; hence the maxim established among them, that ""a still ton",Romans 16:19,"For your obedience is come abroad unto all men. I am glad therefore on your behalf: but yet I would have you wise unto that which is good, and simple concerning evil.",-7.5798
822,"It was alleged that, though our government did not authorize Rear-Admiral Gherardi to overthrow Légitime and to set up Hyppolite as President of Haïti, it gave him the wink, and left him to assume the",Acts 23:25,And he wrote a letter after this manner,-7.5799
682,"The lesson taught by its example and its warning is, that political parties, like individual men, are only strong while they are consistent and honest, and that treachery and deception are only the sa",Nahum 3:11,"Thou also shalt be drunken: thou shalt be hid, thou also shalt seek strength because of the enemy.",-7.5908
75,"Slaveholders are known to have sent spies among their slaves to ascertain, if possible, their views and feelings in regard to their condition; hence the maxim established among them, that ""a still ton",Luke 19:22,"And he saith unto him, Out of thine own mouth will I judge thee, thou wicked servant. Thou knewest that I was an austere man, taking up",-7.6042
660,"Perhaps a political abolitionist would equally misjudge and underrate the value of the non-voting and moral-suasion party, of which Mr. Garrison was the admitted leader; while in fact the two were the",Psalms 43:1,"Judge me, O God, and plead my cause against an ungodly nation: O deliver me from the deceitful and unjust man.",-7.6045
660,"Perhaps a political abolitionist would equally misjudge and underrate the value of the non-voting and moral-suasion party, of which Mr. Garrison was the admitted leader; while in fact the two were the",Luke 22:6,"And he promised, and sought opportunity to betray him unto them in the absence of the multitude.",-7.6241
10,"The father might be a freeman and the child a slave. The father might be a white man, glorying in the purity of his Anglo-Saxon blood, and the child ranked with the blackest slaves. Father he might be",Ecclesiastes 10:16,"Woe to thee, O land, when thy king is a child, and thy princes",-7.6243
799,"The Republican party and the nation were pledged to the protection of the constitutional rights of the colored citizens. If it refused to perform its promise, it would be false to its highest trust. A",Deuteronomy 12:30,"Take heed to thyself that thou be not snared by following them, after that they be destroyed from before thee; and that thou enquire not after their gods, saying, How did these nations serve their god",-7.6267
674,"A half a million indeed! The fact is, I never was worth one-fifth of that sum and never expect to be. The offices held by me during the eleven years of my official life never brought me over three tho",Genesis 18:27,"And Abraham answered and said, Behold now, I have taken upon me to speak unto the LORD, which am but dust and ashes: 18:28 Peradventure there shall lack five of the fifty righteous: wilt thou destroy ",-7.6349
195,"I say I have no doubt of this; the reason is, that there were not, under the whole heavens, a set of men who cultivated such a dread of labor as did the slaveholders. The charge of laziness against th",Habakkuk 1:13,"Thou art of purer eyes than to behold evil, and canst not look on iniquity: wherefore lookest thou upon them that deal treacherously, and holdest thy tongue when the wicked devoureth the man that is m",-7.6363
301,"He seemed to me an all-sufficient match to every opponent, whether they spoke in the name of the law or the gospel. His words were full of holy fire, and straight to the point. Something of a hero-wor",Isaiah 29:8,"It shall even be as when an hungry man dreameth, and, behold, he eateth; but he awaketh, and his soul is empty: or as when a thirsty man dreameth, and, behold, he drinketh; but he awaketh, and, behold",-7.6370
668,It need not be said to those who knew the character and composition of Senator Conkling that it was impossible for him to tolerate or excuse a broken promise. No man more than he considered a man's wo,1 Kings 29:4,"And the princes of the Philistines were wroth with him; and the princes of the Philistines said unto him, Make this fellow return, that he may go again to his place which thou hast appointed him, and ",-7.6402
283,"In these remarks it is possible I do him injustice. He certainly did not exert his power over me as in the case he might have done, but acted, upon the whole, very generously, considering the nature o",Isaiah 50:2,"Wherefore, when I came, was there no man? when I called, was there none to answer? Is my hand shortened at all, that it cannot redeem? or have I no power to deliver? behold, at my rebuke I dry up the ",-7.6489
283,"In these remarks it is possible I do him injustice. He certainly did not exert his power over me as in the case he might have done, but acted, upon the whole, very generously, considering the nature o",Judges 16:17,"That he told her all his heart, and said unto her, There hath not come a razor upon mine head; for I have been a Nazarite unto God from my mother’s womb: if I be shaven, then my strength will go from ",-7.6571
150,"In addition to the pain of parting from friends, as I supposed, forever, I had the added grief of neglected chances of escape to brood over. I had put off running away until I was now to be placed whe",2 Corinthians 11:25,"Thrice was I beaten with rods, once was I stoned, thrice I suffered shipwreck, a night and a day I have been in the deep; 11:26 In journeyings often, in perils of waters, in perils of robbers, in peri",-7.6583
75,"Slaveholders are known to have sent spies among their slaves to ascertain, if possible, their views and feelings in regard to their condition; hence the maxim established among them, that ""a still ton",Psalms 25:9,The meek will he guide in judgment: and the meek will he teach his way.,-7.6636
96,"I may say here that I regard my removal from Col. Lloyd's plantation as one of the most interesting and fortunate events of my life. Viewing it in the light of human likelihoods, it is quite probable ",Genesis 19:19,"Behold now, thy servant hath found grace in thy sight, and thou hast magnified thy mercy, which thou hast shewed unto me in saving my life; and I cannot escape to the mountain, lest some evil take me,",-7.6681
150,"In addition to the pain of parting from friends, as I supposed, forever, I had the added grief of neglected chances of escape to brood over. I had put off running away until I was now to be placed whe",Ezekiel 47:9,"And it shall come to pass, that every thing that liveth, which moveth, whithersoever the rivers shall come, shall live: and there shall be a very great multitude of fish, because these waters shall co",-7.6691
240,"We were generally a unit, and moved together. Thoughts and sentiments were exchanged between us which might well have been considered incendiary had they been known by our masters. The slaveholder, we",Malachi 1:6,"A son honoureth his father, and a servant his master: if then I be a father, where is mine honour? and if I be a master, where is my fear? saith the LORD of hosts unto you, O priests, that despise my",-7.6749
83,"One of the commonest sayings to which my ears early became accustomed, was, that it was ""worth but a half a cent to kill a nigger, and half a cent to bury one."" While I heard of numerous murders commi",Hosea 4:14,"I will not punish your daughters when they commit whoredom, nor your spouses when they commit adultery: for themselves are separated with whores, and they sacrifice with harlots: therefore the people ",-7.6869
744,"He was the son of Rev. Lant Carpenter, who for a long time was an honored pastor in Bristol. He was also the brother of Philip and Mary Carpenter, and one of a family distinguished for every moral and",Habakkuk 1:13,"Thou art of purer eyes than to behold evil, and canst not look on iniquity: wherefore lookest thou upon them that deal treacherously, and holdest thy tongue when the wicked devoureth the man that is m",-7.6912
822,"It was alleged that, though our government did not authorize Rear-Admiral Gherardi to overthrow Légitime and to set up Hyppolite as President of Haïti, it gave him the wink, and left him to assume the",Malachi 1:6,"A son honoureth his father, and a servant his master: if then I be a father, where is mine honour? and if I be a master, where is my fear? saith the LORD of hosts unto you, O priests, that despise my",-7.6938
22,"I can therefore fondly and proudly ascribe to her an earnest love of knowledge. That in any slave State a field-hand should learn to read is remarkable, but the achievement of my mother, considering t",Micah 4:10,"Be in pain, and labour to bring forth, O daughter of Zion, like a woman in travail: for now shalt thou go forth out of the city, and thou shalt dwell in the field, and thou shalt go even to Babylon; t",-7.6996
682,"The lesson taught by its example and its warning is, that political parties, like individual men, are only strong while they are consistent and honest, and that treachery and deception are only the sa",1 Corinthians 15:43,It is sown in dishonour; it is raised in glory: it is sown in weakness; it is raised,-7.7038
639,"Though his folly may be less apparent, it is just as real when one-half of the moral and intellectual power of the world is excluded from any voice or vote in civil government. In this denial of the r",John 7:43,So there was a division among the people because of him.,-7.7078
396,"Y., and will long be remembered there for the surprise and gratification it caused our friends in that city. They were not looking for such exhibitions of enlightened zeal and ability as were there di",Deuteronomy 23:13,"And thou shalt have a paddle upon thy weapon; and it shall be, when thou wilt ease thyself abroad, thou shalt dig therewith, and shalt turn back and cover that which cometh",-7.7154
517,"I was called forward and responded with all the energy of my soul, for I looked upon suffrage to the Negro as the only measure which could prevent him from being thrust back into slavery. From this ti",Romans 16:19,"For your obedience is come abroad unto all men. I am glad therefore on your behalf: but yet I would have you wise unto that which is good, and simple concerning evil.",-7.7170
668,It need not be said to those who knew the character and composition of Senator Conkling that it was impossible for him to tolerate or excuse a broken promise. No man more than he considered a man's wo,Mark 14:21,"The Son of man indeed goeth, as it is written of him: but woe to that man by whom the Son of man is betrayed! good were it for that man if he had never been born.",-7.7178
10,"The father might be a freeman and the child a slave. The father might be a white man, glorying in the purity of his Anglo-Saxon blood, and the child ranked with the blackest slaves. Father he might be",Jeremiah 32:8,"So Hanameel mine uncle’s son came to me in the court of the prison according to the word of the LORD, and said unto me, Buy my field, I pray thee, that is in Anathoth, which is in the country of Benja",-7.7194
744,"He was the son of Rev. Lant Carpenter, who for a long time was an honored pastor in Bristol. He was also the brother of Philip and Mary Carpenter, and one of a family distinguished for every moral and",Malachi 1:6,"A son honoureth his father, and a servant his master: if then I be a father, where is mine honour? and if I be a master, where is my fear? saith the LORD of hosts unto you, O priests, that despise my",-7.7214
195,"I say I have no doubt of this; the reason is, that there were not, under the whole heavens, a set of men who cultivated such a dread of labor as did the slaveholders. The charge of laziness against th",Jeremiah 30:10,"Therefore fear thou not, O my servant Jacob, saith the LORD; neither be dismayed, O Israel: for, lo, I will save thee from afar, and thy seed from the land of their captivity; and Jacob shall return, ",-7.7307
317,"My old and dear friend J. N. Buffum made a point against the company that they ""often allowed dogs and monkeys to ride in first-class cars, and yet excluded a man like Frederick Douglass!"" In a very f",Isaiah 33:1,"Woe to thee that spoilest, and thou wast not spoiled; and dealest treacherously, and they dealt not treacherously with thee! when thou shalt cease to spoil, thou shalt be spoiled; and when thou shalt ",-7.7412
396,"Y., and will long be remembered there for the surprise and gratification it caused our friends in that city. They were not looking for such exhibitions of enlightened zeal and ability as were there di",Luke 1:73,The oath which he,-7.7417
50,"From my heart I pitied her, and child as I was, and new to such scenes, the shock was tremendous. I was terrified, hushed, stunned and bewildered. The scene here described was often repeated, for Edwa",Psalms 43:2,For thou art the God of my strength: why dost thou cast me off? why go I mourning because of the oppression of the enemy?,-7.7425
682,"The lesson taught by its example and its warning is, that political parties, like individual men, are only strong while they are consistent and honest, and that treachery and deception are only the sa",Daniel 11:29,"At the time appointed he shall return, and come toward the south; but it shall not be as the former, or as the latter.",-7.7451
150,"In addition to the pain of parting from friends, as I supposed, forever, I had the added grief of neglected chances of escape to brood over. I had put off running away until I was now to be placed whe",Genesis 27:45,"Until thy brother’s anger turn away from thee, and he forget that which thou hast done to him: then I will send, and fetch thee from thence: why should I be deprived also of you",-7.7463
150,"In addition to the pain of parting from friends, as I supposed, forever, I had the added grief of neglected chances of escape to brood over. I had put off running away until I was now to be placed whe",Habakkuk 1:13,"Thou art of purer eyes than to behold evil, and canst not look on iniquity: wherefore lookest thou upon them that deal treacherously, and holdest thy tongue when the wicked devoureth the man that is m",-7.7538
682,"The lesson taught by its example and its warning is, that political parties, like individual men, are only strong while they are consistent and honest, and that treachery and deception are only the sa",Psalms 83:5,For they have consulted together with one consent: they are confederate against thee:,-7.7577
123,"In addition to these opportunities, sleeping as I did in the kitchen loft, a room seldom visited by any of the family, I contrived to get a flour-barrel up there and a chair, and upon the head of that",2 Kings 9:10,"Thou therefore, and thy sons, and thy servants, shall till the land for him, and thou shalt bring in the fruits, that thy master’s son may have food to eat: but Mephibosheth thy master’s son shall eat",-7.7594
75,"Slaveholders are known to have sent spies among their slaves to ascertain, if possible, their views and feelings in regard to their condition; hence the maxim established among them, that ""a still ton",Proverbs 13:1,A wise son heareth his father’s instruction: but a scorner heareth not rebuke.,-7.7646
195,"I say I have no doubt of this; the reason is, that there were not, under the whole heavens, a set of men who cultivated such a dread of labor as did the slaveholders. The charge of laziness against th",Jeremiah 40:4,"And now, behold, I loose thee this day from the chains which were upon thine hand. If it seem good unto thee to come with me into Babylon, come; and I will look well unto thee: but if it seem ill unto",-7.7659
674,"A half a million indeed! The fact is, I never was worth one-fifth of that sum and never expect to be. The offices held by me during the eleven years of my official life never brought me over three tho",Ecclesiastes 1:3,What profit hath a man of all his labour which he taketh under the,-7.7700
41,"The family of Captain Anthony never visited the great house, and the Lloyds never came to our house. Equal non-intercourse was observed between Captain Anthony's family and the family of Mr. Seveir, t",Isaiah 50:2,"Wherefore, when I came, was there no man? when I called, was there none to answer? Is my hand shortened at all, that it cannot redeem? or have I no power to deliver? behold, at my rebuke I dry up the ",-7.7717
150,"In addition to the pain of parting from friends, as I supposed, forever, I had the added grief of neglected chances of escape to brood over. I had put off running away until I was now to be placed whe",Matthew 17:27,"Notwithstanding, lest we should offend them, go thou to the sea, and cast an hook, and take up the fish that first cometh up; and when thou hast opened his mouth, thou shalt find a piece of money: tha",-7.7757
682,"The lesson taught by its example and its warning is, that political parties, like individual men, are only strong while they are consistent and honest, and that treachery and deception are only the sa",Daniel 11:25,And he shall stir up his power and his courage against the king of the south with a great army; and the king of the south shall be stirred up to battle with a very great and mighty army; but he shall ,-7.7763
283,"In these remarks it is possible I do him injustice. He certainly did not exert his power over me as in the case he might have done, but acted, upon the whole, very generously, considering the nature o",Jeremiah 40:4,"And now, behold, I loose thee this day from the chains which were upon thine hand. If it seem good unto thee to come with me into Babylon, come; and I will look well unto thee: but if it seem ill unto",-7.7790
639,"Though his folly may be less apparent, it is just as real when one-half of the moral and intellectual power of the world is excluded from any voice or vote in civil government. In this denial of the r",Hebrews 4:9,There remaineth therefore a rest to the people of God.,-7.7795
150,"In addition to the pain of parting from friends, as I supposed, forever, I had the added grief of neglected chances of escape to brood over. I had put off running away until I was now to be placed whe",Ezekiel 5:2,"Thou shalt burn with fire a third part in the midst of the city, when the days of the siege are fulfilled: and thou shalt take a third part, and smite about it with a knife: and a third part thou shal",-7.7813
744,"He was the son of Rev. Lant Carpenter, who for a long time was an honored pastor in Bristol. He was also the brother of Philip and Mary Carpenter, and one of a family distinguished for every moral and",Ezra 7:4,The son of,-7.7906
668,It need not be said to those who knew the character and composition of Senator Conkling that it was impossible for him to tolerate or excuse a broken promise. No man more than he considered a man's wo,Matthew 26:24,The Son of man goeth as it is written of him: but woe unto that man by whom the Son of man is betrayed! it had been good for that man if he had not been born.,-7.7921
639,"Though his folly may be less apparent, it is just as real when one-half of the moral and intellectual power of the world is excluded from any voice or vote in civil government. In this denial of the r",1 Kings 9:6,"And he said unto him, Behold now, there is in this city a man of God, and he is an honourable man; all that he saith cometh surely to pass: now let us go thither; peradventure he can shew us our way t",-7.7926
682,"The lesson taught by its example and its warning is, that political parties, like individual men, are only strong while they are consistent and honest, and that treachery and deception are only the sa",Proverbs 13:1,A wise son heareth his father’s instruction: but a scorner heareth not rebuke.,-7.7931
396,"Y., and will long be remembered there for the surprise and gratification it caused our friends in that city. They were not looking for such exhibitions of enlightened zeal and ability as were there di",Romans 1:2,(Which he had promised afore by,-7.7943
103,"That which he most loved I most hated; and the very determination which he expressed to keep me in ignorance only rendered me the more resolute to seek intelligence. In learning to read, therefore, I ",2 Kings 19:6,"In that thou lovest thine enemies, and hatest thy friends. For thou hast declared this day, that thou regardest neither princes nor servants: for this day I perceive, that if Absalom had lived, and al",-7.7962
240,"We were generally a unit, and moved together. Thoughts and sentiments were exchanged between us which might well have been considered incendiary had they been known by our masters. The slaveholder, we",Genesis 27:45,"Until thy brother’s anger turn away from thee, and he forget that which thou hast done to him: then I will send, and fetch thee from thence: why should I be deprived also of you",-7.8018
66,Some idea of the splendor of that place sixty years ago has already been given. The contrast between the condition of the slaves and that of their masters was marvelously sharp and striking. There wer,Daniel 4:11,"The tree grew, and was strong, and the height thereof reached unto heaven, and the sight thereof to the end of all the earth: 4:12 The leaves thereof were fair, and the fruit thereof much, and in it w",-7.8027
682,"The lesson taught by its example and its warning is, that political parties, like individual men, are only strong while they are consistent and honest, and that treachery and deception are only the sa",Psalms 25:9,The meek will he guide in judgment: and the meek will he teach his way.,-7.8111
639,"Though his folly may be less apparent, it is just as real when one-half of the moral and intellectual power of the world is excluded from any voice or vote in civil government. In this denial of the r",Mark 14:21,"The Son of man indeed goeth, as it is written of him: but woe to that man by whom the Son of man is betrayed! good were it for that man if he had never been born.",-7.8121
682,"The lesson taught by its example and its warning is, that political parties, like individual men, are only strong while they are consistent and honest, and that treachery and deception are only the sa",1 Corinthians 10:12,Wherefore let him that thinketh he standeth take heed lest he fall.,-7.8293
22,"I can therefore fondly and proudly ascribe to her an earnest love of knowledge. That in any slave State a field-hand should learn to read is remarkable, but the achievement of my mother, considering t",Song of Solomon 6:9,"My dove, my undefiled is but one; she is the only one of her mother, she is the choice one of her that bare her. The daughters saw her, and blessed her; yea, the queens and the concubines, and they pr",-7.8351
396,"Y., and will long be remembered there for the surprise and gratification it caused our friends in that city. They were not looking for such exhibitions of enlightened zeal and ability as were there di",Hebrews 10:13,From henceforth expecting till his enemies be made his footstool.,-7.8377
652,"But I meant here only to say a word in conclusion. Forty years of my life have been given to the cause of my people, and if I had forty years more they should all be sacredly given to the same great c",Luke 22:37,"For I say unto you, that this that is written must yet be accomplished in me, And he was reckoned among the transgressors: for the things concerning me have an end.",-7.8450
744,"He was the son of Rev. Lant Carpenter, who for a long time was an honored pastor in Bristol. He was also the brother of Philip and Mary Carpenter, and one of a family distinguished for every moral and",1 Chronicles 15:8,Of the sons of,-7.8460
674,"A half a million indeed! The fact is, I never was worth one-fifth of that sum and never expect to be. The offices held by me during the eleven years of my official life never brought me over three tho",John 7:43,So there was a division among the people because of him.,-7.8510
301,"He seemed to me an all-sufficient match to every opponent, whether they spoke in the name of the law or the gospel. His words were full of holy fire, and straight to the point. Something of a hero-wor",Exodus 4:14,"And the anger of the LORD was kindled against Moses, and he said, Is not Aaron the Levite thy brother? I know that he can speak well. And also, behold, he cometh forth to meet thee: and when he seeth ",-7.8536
317,"My old and dear friend J. N. Buffum made a point against the company that they ""often allowed dogs and monkeys to ride in first-class cars, and yet excluded a man like Frederick Douglass!"" In a very f",Habakkuk 1:13,"Thou art of purer eyes than to behold evil, and canst not look on iniquity: wherefore lookest thou upon them that deal treacherously, and holdest thy tongue when the wicked devoureth the man that is m",-7.8664
317,"My old and dear friend J. N. Buffum made a point against the company that they ""often allowed dogs and monkeys to ride in first-class cars, and yet excluded a man like Frederick Douglass!"" In a very f",Numbers 16:11,For which cause both thou and all thy company are gathered together against the LORD:,-7.8714
301,"He seemed to me an all-sufficient match to every opponent, whether they spoke in the name of the law or the gospel. His words were full of holy fire, and straight to the point. Something of a hero-wor",Romans 16:19,"For your obedience is come abroad unto all men. I am glad therefore on your behalf: but yet I would have you wise unto that which is good, and simple concerning evil.",-7.8734
639,"Though his folly may be less apparent, it is just as real when one-half of the moral and intellectual power of the world is excluded from any voice or vote in civil government. In this denial of the r",Matthew 26:24,The Son of man goeth as it is written of him: but woe unto that man by whom the Son of man is betrayed! it had been good for that man if he had not been born.,-7.8763
240,"We were generally a unit, and moved together. Thoughts and sentiments were exchanged between us which might well have been considered incendiary had they been known by our masters. The slaveholder, we",Isaiah 49:18,"Lift up thine eyes round about, and behold: all these gather themselves together, and come to thee. As I live, saith the LORD, thou shalt surely clothe thee with them all, as with an ornament, and bin",-7.8780
75,"Slaveholders are known to have sent spies among their slaves to ascertain, if possible, their views and feelings in regard to their condition; hence the maxim established among them, that ""a still ton",Malachi 1:6,"A son honoureth his father, and a servant his master: if then I be a father, where is mine honour? and if I be a master, where is my fear? saith the LORD of hosts unto you, O priests, that despise my",-7.8781
123,"In addition to these opportunities, sleeping as I did in the kitchen loft, a room seldom visited by any of the family, I contrived to get a flour-barrel up there and a chair, and upon the head of that",2 Kings 19:28,For all of my father’s house were but dead men before my lord the king: yet didst thou set thy servant among them that did eat at thine own table. What right therefore have I yet to cry any more unto,-7.8811
169,She never allowed me to go there without giving me bread enough to make good the deficiencies of a day or two. Master Thomas at last resolved to endure my behavior no longer; he could keep neither me ,Deuteronomy 16:3,"Thou shalt eat no leavened bread with it; seven days shalt thou eat unleavened bread therewith, even the bread of affliction; for thou camest forth out of the land of Egypt in haste: that thou mayest ",-7.8866
150,"In addition to the pain of parting from friends, as I supposed, forever, I had the added grief of neglected chances of escape to brood over. I had put off running away until I was now to be placed whe",Isaiah 57:13,"When thou criest, let thy companies deliver thee; but the wind shall carry them all away; vanity shall take them: but he that putteth his trust in me shall possess the land, and shall inherit my holy",-7.8885
674,"A half a million indeed! The fact is, I never was worth one-fifth of that sum and never expect to be. The offices held by me during the eleven years of my official life never brought me over three tho",Ecclesiastes 2:21,"For there is a man whose labour is in wisdom, and in knowledge, and in equity; yet to a man that hath not laboured therein shall he leave it for his portion. This also is vanity and a great evil.",-7.8918
660,"Perhaps a political abolitionist would equally misjudge and underrate the value of the non-voting and moral-suasion party, of which Mr. Garrison was the admitted leader; while in fact the two were the",Hebrews 10:13,From henceforth expecting till his enemies be made his footstool.,-7.8945
195,"I say I have no doubt of this; the reason is, that there were not, under the whole heavens, a set of men who cultivated such a dread of labor as did the slaveholders. The charge of laziness against th",Jeremiah 46:27,"But fear not thou, O my servant Jacob, and be not dismayed, O Israel: for, behold, I will save thee from afar off, and thy seed from the land of their captivity; and Jacob shall return, and be in rest",-7.9025
22,"I can therefore fondly and proudly ascribe to her an earnest love of knowledge. That in any slave State a field-hand should learn to read is remarkable, but the achievement of my mother, considering t",Jeremiah 32:8,"So Hanameel mine uncle’s son came to me in the court of the prison according to the word of the LORD, and said unto me, Buy my field, I pray thee, that is in Anathoth, which is in the country of Benja",-7.9051
639,"Though his folly may be less apparent, it is just as real when one-half of the moral and intellectual power of the world is excluded from any voice or vote in civil government. In this denial of the r",Isaiah 29:8,"It shall even be as when an hungry man dreameth, and, behold, he eateth; but he awaketh, and his soul is empty: or as when a thirsty man dreameth, and, behold, he drinketh; but he awaketh, and, behold",-7.9086
744,"He was the son of Rev. Lant Carpenter, who for a long time was an honored pastor in Bristol. He was also the brother of Philip and Mary Carpenter, and one of a family distinguished for every moral and",1 Kings 8:48,"And so return unto thee with all their heart, and with all their soul, in the land of their enemies, which led them away captive, and pray unto thee toward their land, which thou gavest unto their fat",-7.9107
674,"A half a million indeed! The fact is, I never was worth one-fifth of that sum and never expect to be. The offices held by me during the eleven years of my official life never brought me over three tho",Luke 1:73,The oath which he,-7.9113
803,"But with the negotiations in the hands of Rear-Admiral Gherardi a decision must be reached shortly. Admiral Gherardi is sent to resuscitate the negotiations. Admiral Gherardi will succeed eventually.""",1 Kings 9:16,"To morrow about this time I will send thee a man out of the land of Benjamin, and thou shalt anoint him to be captain over my people Israel, that he may save my people out of the hand of the Philistin",-7.9114
799,"The Republican party and the nation were pledged to the protection of the constitutional rights of the colored citizens. If it refused to perform its promise, it would be false to its highest trust. A",Isaiah 14:32,"What shall one then answer the messengers of the nation? That the LORD hath founded Zion, and the poor of his people shall trust in it.",-7.9128
803,"But with the negotiations in the hands of Rear-Admiral Gherardi a decision must be reached shortly. Admiral Gherardi is sent to resuscitate the negotiations. Admiral Gherardi will succeed eventually.""",1 Kings 29:4,"And the princes of the Philistines were wroth with him; and the princes of the Philistines said unto him, Make this fellow return, that he may go again to his place which thou hast appointed him, and ",-7.9155
660,"Perhaps a political abolitionist would equally misjudge and underrate the value of the non-voting and moral-suasion party, of which Mr. Garrison was the admitted leader; while in fact the two were the",Romans 14:4,"Who art thou that judgest another man’s servant? to his own master he standeth or falleth. Yea, he shall be holden up: for God is able to make him stand.",-7.9183
22,"I can therefore fondly and proudly ascribe to her an earnest love of knowledge. That in any slave State a field-hand should learn to read is remarkable, but the achievement of my mother, considering t",Judges 16:17,"That he told her all his heart, and said unto her, There hath not come a razor upon mine head; for I have been a Nazarite unto God from my mother’s womb: if I be shaven, then my strength will go from ",-7.9192
123,"In addition to these opportunities, sleeping as I did in the kitchen loft, a room seldom visited by any of the family, I contrived to get a flour-barrel up there and a chair, and upon the head of that",Malachi 1:6,"A son honoureth his father, and a servant his master: if then I be a father, where is mine honour? and if I be a master, where is my fear? saith the LORD of hosts unto you, O priests, that despise my",-7.9295
22,"I can therefore fondly and proudly ascribe to her an earnest love of knowledge. That in any slave State a field-hand should learn to read is remarkable, but the achievement of my mother, considering t",Song of Solomon 8:1,"O that thou wert as my brother, that sucked the breasts of my mother! when I should find thee without, I would kiss thee; yea, I should not be despised.",-7.9356
96,"I may say here that I regard my removal from Col. Lloyd's plantation as one of the most interesting and fortunate events of my life. Viewing it in the light of human likelihoods, it is quite probable ",Judges 16:17,"That he told her all his heart, and said unto her, There hath not come a razor upon mine head; for I have been a Nazarite unto God from my mother’s womb: if I be shaven, then my strength will go from ",-7.9369
240,"We were generally a unit, and moved together. Thoughts and sentiments were exchanged between us which might well have been considered incendiary had they been known by our masters. The slaveholder, we",Matthew 8:9,"For I am a man under authority, having soldiers under me: and I say to this man, Go, and he goeth; and to another, Come, and he cometh; and to my servant, Do this, and he doeth it.",-7.9480
301,"He seemed to me an all-sufficient match to every opponent, whether they spoke in the name of the law or the gospel. His words were full of holy fire, and straight to the point. Something of a hero-wor",Numbers 12:8,"With him will I speak mouth to mouth, even apparently, and not in dark speeches; and the similitude of the LORD shall he behold: wherefore then were ye not afraid to speak against my servant Moses?",-7.9522
22,"I can therefore fondly and proudly ascribe to her an earnest love of knowledge. That in any slave State a field-hand should learn to read is remarkable, but the achievement of my mother, considering t",Jeremiah 33:11,"The voice of joy, and the voice of gladness, the voice of the bridegroom, and the voice of the bride, the voice of them that shall say, Praise the LORD of hosts: for the LORD is good; for his mercy en",-7.9551
660,"Perhaps a political abolitionist would equally misjudge and underrate the value of the non-voting and moral-suasion party, of which Mr. Garrison was the admitted leader; while in fact the two were the",Luke 12:48,"But he that knew not, and did commit things worthy of stripes, shall be beaten with few stripes. For unto whomsoever much is given, of him shall be much required: and to whom men have committed much, ",-7.9629
150,"In addition to the pain of parting from friends, as I supposed, forever, I had the added grief of neglected chances of escape to brood over. I had put off running away until I was now to be placed whe",Jeremiah 40:4,"And now, behold, I loose thee this day from the chains which were upon thine hand. If it seem good unto thee to come with me into Babylon, come; and I will look well unto thee: but if it seem ill unto",-7.9659
240,"We were generally a unit, and moved together. Thoughts and sentiments were exchanged between us which might well have been considered incendiary had they been known by our masters. The slaveholder, we",Romans 14:4,"Who art thou that judgest another man’s servant? to his own master he standeth or falleth. Yea, he shall be holden up: for God is able to make him stand.",-7.9799
674,"A half a million indeed! The fact is, I never was worth one-fifth of that sum and never expect to be. The offices held by me during the eleven years of my official life never brought me over three tho",1 Chronicles 25:26,The nineteenth to,-7.9824
639,"Though his folly may be less apparent, it is just as real when one-half of the moral and intellectual power of the world is excluded from any voice or vote in civil government. In this denial of the r",2 Kings 19:6,"In that thou lovest thine enemies, and hatest thy friends. For thou hast declared this day, that thou regardest neither princes nor servants: for this day I perceive, that if Absalom had lived, and al",-7.9825
301,"He seemed to me an all-sufficient match to every opponent, whether they spoke in the name of the law or the gospel. His words were full of holy fire, and straight to the point. Something of a hero-wor",Judges 16:17,"That he told her all his heart, and said unto her, There hath not come a razor upon mine head; for I have been a Nazarite unto God from my mother’s womb: if I be shaven, then my strength will go from ",-7.9930
533,"Not a dollar, not a dime of its millions were loaned by me, or with my approval. The fact is, and all investigation shows it, that I was married to a corpse. The fine building, with its marble counter",Ecclesiastes 6:2,"A man to whom God hath given riches, wealth, and honour, so that he wanteth nothing for his soul of all that he desireth, yet God giveth him not power to eat thereof, but a stranger eateth it: this is",-7.9950
83,"One of the commonest sayings to which my ears early became accustomed, was, that it was ""worth but a half a cent to kill a nigger, and half a cent to bury one."" While I heard of numerous murders commi",Proverbs 23:20,Be not among winebibbers; among riotous eaters of flesh: 23:21 For the drunkard and the glutton shall come to poverty: and drowsiness shall clothe a man with rags.,-7.9977
240,"We were generally a unit, and moved together. Thoughts and sentiments were exchanged between us which might well have been considered incendiary had they been known by our masters. The slaveholder, we",Mark 14:21,"The Son of man indeed goeth, as it is written of him: but woe to that man by whom the Son of man is betrayed! good were it for that man if he had never been born.",-8.0032
744,"He was the son of Rev. Lant Carpenter, who for a long time was an honored pastor in Bristol. He was also the brother of Philip and Mary Carpenter, and one of a family distinguished for every moral and",1 Kings 20:29,"And he said, Let me go, I pray thee; for our family hath a sacrifice in the city; and my brother, he hath commanded me to be there: and now, if I have found favour in thine eyes, let me get away, I pr",-8.0163
517,"I was called forward and responded with all the energy of my soul, for I looked upon suffrage to the Negro as the only measure which could prevent him from being thrust back into slavery. From this ti",1 Kings 8:48,"And so return unto thee with all their heart, and with all their soul, in the land of their enemies, which led them away captive, and pray unto thee toward their land, which thou gavest unto their fat",-8.0181
660,"Perhaps a political abolitionist would equally misjudge and underrate the value of the non-voting and moral-suasion party, of which Mr. Garrison was the admitted leader; while in fact the two were the",Luke 1:73,The oath which he,-8.0232
103,"That which he most loved I most hated; and the very determination which he expressed to keep me in ignorance only rendered me the more resolute to seek intelligence. In learning to read, therefore, I ",Romans 14:4,"Who art thou that judgest another man’s servant? to his own master he standeth or falleth. Yea, he shall be holden up: for God is able to make him stand.",-8.0256
169,She never allowed me to go there without giving me bread enough to make good the deficiencies of a day or two. Master Thomas at last resolved to endure my behavior no longer; he could keep neither me ,Genesis 19:19,"Behold now, thy servant hath found grace in thy sight, and thou hast magnified thy mercy, which thou hast shewed unto me in saving my life; and I cannot escape to the mountain, lest some evil take me,",-8.0345
660,"Perhaps a political abolitionist would equally misjudge and underrate the value of the non-voting and moral-suasion party, of which Mr. Garrison was the admitted leader; while in fact the two were the",Romans 1:2,(Which he had promised afore by,-8.0379
517,"I was called forward and responded with all the energy of my soul, for I looked upon suffrage to the Negro as the only measure which could prevent him from being thrust back into slavery. From this ti",Isaiah 50:2,"Wherefore, when I came, was there no man? when I called, was there none to answer? Is my hand shortened at all, that it cannot redeem? or have I no power to deliver? behold, at my rebuke I dry up the ",-8.0386
674,"A half a million indeed! The fact is, I never was worth one-fifth of that sum and never expect to be. The offices held by me during the eleven years of my official life never brought me over three tho",Romans 14:4,"Who art thou that judgest another man’s servant? to his own master he standeth or falleth. Yea, he shall be holden up: for God is able to make him stand.",-8.0433
668,It need not be said to those who knew the character and composition of Senator Conkling that it was impossible for him to tolerate or excuse a broken promise. No man more than he considered a man's wo,Romans 14:4,"Who art thou that judgest another man’s servant? to his own master he standeth or falleth. Yea, he shall be holden up: for God is able to make him stand.",-8.0438
396,"Y., and will long be remembered there for the surprise and gratification it caused our friends in that city. They were not looking for such exhibitions of enlightened zeal and ability as were there di",Jeremiah 29:31,"Send to all them of the captivity, saying, Thus saith the LORD concerning Shemaiah the Nehelamite; Because that Shemaiah hath prophesied unto you, and I sent him not, and he caused you to trust in a l",-8.0553
18,"The day had been an exciting and wearisome one, and I know not where, but I suppose I sobbed myself to sleep; and its balm was never more welcome to any wounded soul than to mine. The reader may be su",Proverbs 23:20,Be not among winebibbers; among riotous eaters of flesh: 23:21 For the drunkard and the glutton shall come to poverty: and drowsiness shall clothe a man with rags.,-8.0562
195,"I say I have no doubt of this; the reason is, that there were not, under the whole heavens, a set of men who cultivated such a dread of labor as did the slaveholders. The charge of laziness against th",Deuteronomy 8:15,"Who led thee through that great and terrible wilderness, wherein were fiery serpents, and scorpions, and drought, where there was no water; who brought thee",-8.0637
301,"He seemed to me an all-sufficient match to every opponent, whether they spoke in the name of the law or the gospel. His words were full of holy fire, and straight to the point. Something of a hero-wor",Romans 14:4,"Who art thou that judgest another man’s servant? to his own master he standeth or falleth. Yea, he shall be holden up: for God is able to make him stand.",-8.0664
744,"He was the son of Rev. Lant Carpenter, who for a long time was an honored pastor in Bristol. He was also the brother of Philip and Mary Carpenter, and one of a family distinguished for every moral and",Ezekiel 21:19,"Also, thou son of man, appoint thee two ways, that the sword of the king of Babylon may come: both twain shall come forth out of one land: and choose thou a place, choose it at the head of the way to ",-8.0682
668,It need not be said to those who knew the character and composition of Senator Conkling that it was impossible for him to tolerate or excuse a broken promise. No man more than he considered a man's wo,Matthew 6:24,"No man can serve two masters: for either he will hate the one, and love the other; or else he will hold to the one, and despise the other. Ye cannot serve God and mammon.",-8.0705
103,"That which he most loved I most hated; and the very determination which he expressed to keep me in ignorance only rendered me the more resolute to seek intelligence. In learning to read, therefore, I ",Mark 14:21,"The Son of man indeed goeth, as it is written of him: but woe to that man by whom the Son of man is betrayed! good were it for that man if he had never been born.",-8.0718
123,"In addition to these opportunities, sleeping as I did in the kitchen loft, a room seldom visited by any of the family, I contrived to get a flour-barrel up there and a chair, and upon the head of that",Jeremiah 31:20,"Is Ephraim my dear son? is he a pleasant child? for since I spake against him, I do earnestly remember him still: therefore my bowels are troubled for him; I will surely have mercy upon him, saith the",-8.0783
733,"It is a reciprocal understanding. I do not think that when I ride with an educated, polished rascal he is thereby made my equal, or that when I ride with a numskull it makes him my equal. Social equal",Ecclesiastes 2:21,"For there is a man whose labour is in wisdom, and in knowledge, and in equity; yet to a man that hath not laboured therein shall he leave it for his portion. This also is vanity and a great evil.",-8.0831
301,"He seemed to me an all-sufficient match to every opponent, whether they spoke in the name of the law or the gospel. His words were full of holy fire, and straight to the point. Something of a hero-wor",Daniel 10:19,"And said, O man greatly beloved, fear not: peace be unto thee, be strong, yea, be strong. And when he had spoken unto me, I was strengthened, and said, Let my lord speak; for thou hast strengthened me",-8.0832
83,"One of the commonest sayings to which my ears early became accustomed, was, that it was ""worth but a half a cent to kill a nigger, and half a cent to bury one."" While I heard of numerous murders commi",Malachi 1:6,"A son honoureth his father, and a servant his master: if then I be a father, where is mine honour? and if I be a master, where is my fear? saith the LORD of hosts unto you, O priests, that despise my",-8.0839
96,"I may say here that I regard my removal from Col. Lloyd's plantation as one of the most interesting and fortunate events of my life. Viewing it in the light of human likelihoods, it is quite probable ",Jeremiah 40:4,"And now, behold, I loose thee this day from the chains which were upon thine hand. If it seem good unto thee to come with me into Babylon, come; and I will look well unto thee: but if it seem ill unto",-8.0864
103,"That which he most loved I most hated; and the very determination which he expressed to keep me in ignorance only rendered me the more resolute to seek intelligence. In learning to read, therefore, I ",Matthew 26:24,The Son of man goeth as it is written of him: but woe unto that man by whom the Son of man is betrayed! it had been good for that man if he had not been born.,-8.0874
517,"I was called forward and responded with all the energy of my soul, for I looked upon suffrage to the Negro as the only measure which could prevent him from being thrust back into slavery. From this ti",Judges 16:17,"That he told her all his heart, and said unto her, There hath not come a razor upon mine head; for I have been a Nazarite unto God from my mother’s womb: if I be shaven, then my strength will go from ",-8.0876
652,"But I meant here only to say a word in conclusion. Forty years of my life have been given to the cause of my people, and if I had forty years more they should all be sacredly given to the same great c",Mark 14:21,"The Son of man indeed goeth, as it is written of him: but woe to that man by whom the Son of man is betrayed! good were it for that man if he had never been born.",-8.0876
103,"That which he most loved I most hated; and the very determination which he expressed to keep me in ignorance only rendered me the more resolute to seek intelligence. In learning to read, therefore, I ",Genesis 27:45,"Until thy brother’s anger turn away from thee, and he forget that which thou hast done to him: then I will send, and fetch thee from thence: why should I be deprived also of you",-8.0913
317,"My old and dear friend J. N. Buffum made a point against the company that they ""often allowed dogs and monkeys to ride in first-class cars, and yet excluded a man like Frederick Douglass!"" In a very f",Romans 16:19,"For your obedience is come abroad unto all men. I am glad therefore on your behalf: but yet I would have you wise unto that which is good, and simple concerning evil.",-8.1072
66,Some idea of the splendor of that place sixty years ago has already been given. The contrast between the condition of the slaves and that of their masters was marvelously sharp and striking. There wer,Habakkuk 1:13,"Thou art of purer eyes than to behold evil, and canst not look on iniquity: wherefore lookest thou upon them that deal treacherously, and holdest thy tongue when the wicked devoureth the man that is m",-8.1076
103,"That which he most loved I most hated; and the very determination which he expressed to keep me in ignorance only rendered me the more resolute to seek intelligence. In learning to read, therefore, I ",Judges 16:17,"That he told her all his heart, and said unto her, There hath not come a razor upon mine head; for I have been a Nazarite unto God from my mother’s womb: if I be shaven, then my strength will go from ",-8.1100
103,"That which he most loved I most hated; and the very determination which he expressed to keep me in ignorance only rendered me the more resolute to seek intelligence. In learning to read, therefore, I ",Numbers 5:14,"And the spirit of jealousy come upon him, and he be jealous of his wife, and she be defiled: or if the spirit of jealousy come upon him, and he be jealous of his wife, and she be not",-8.1111
240,"We were generally a unit, and moved together. Thoughts and sentiments were exchanged between us which might well have been considered incendiary had they been known by our masters. The slaveholder, we",Matthew 26:24,The Son of man goeth as it is written of him: but woe unto that man by whom the Son of man is betrayed! it had been good for that man if he had not been born.,-8.1181
103,"That which he most loved I most hated; and the very determination which he expressed to keep me in ignorance only rendered me the more resolute to seek intelligence. In learning to read, therefore, I ",Habakkuk 1:13,"Thou art of purer eyes than to behold evil, and canst not look on iniquity: wherefore lookest thou upon them that deal treacherously, and holdest thy tongue when the wicked devoureth the man that is m",-8.1184
301,"He seemed to me an all-sufficient match to every opponent, whether they spoke in the name of the law or the gospel. His words were full of holy fire, and straight to the point. Something of a hero-wor",Isaiah 49:18,"Lift up thine eyes round about, and behold: all these gather themselves together, and come to thee. As I live, saith the LORD, thou shalt surely clothe thee with them all, as with an ornament, and bin",-8.1226
83,"One of the commonest sayings to which my ears early became accustomed, was, that it was ""worth but a half a cent to kill a nigger, and half a cent to bury one."" While I heard of numerous murders commi",Jeremiah 31:20,"Is Ephraim my dear son? is he a pleasant child? for since I spake against him, I do earnestly remember him still: therefore my bowels are troubled for him; I will surely have mercy upon him, saith the",-8.1257
799,"The Republican party and the nation were pledged to the protection of the constitutional rights of the colored citizens. If it refused to perform its promise, it would be false to its highest trust. A",Ephesians 3:6,"That the Gentiles should be fellowheirs, and of the same body, and partakers of his promise in Christ by the gospel: 3:7 Whereof I was made a minister, according to the gift of the grace of God given ",-8.1348
668,It need not be said to those who knew the character and composition of Senator Conkling that it was impossible for him to tolerate or excuse a broken promise. No man more than he considered a man's wo,Luke 12:48,"But he that knew not, and did commit things worthy of stripes, shall be beaten with few stripes. For unto whomsoever much is given, of him shall be much required: and to whom men have committed much, ",-8.1406
22,"I can therefore fondly and proudly ascribe to her an earnest love of knowledge. That in any slave State a field-hand should learn to read is remarkable, but the achievement of my mother, considering t",1 Corinthians 7:1,Now concerning the things whereof ye wrote unto me: It is good for a man not to touch a woman.,-8.1445
195,"I say I have no doubt of this; the reason is, that there were not, under the whole heavens, a set of men who cultivated such a dread of labor as did the slaveholders. The charge of laziness against th",Proverbs 23:20,Be not among winebibbers; among riotous eaters of flesh: 23:21 For the drunkard and the glutton shall come to poverty: and drowsiness shall clothe a man with rags.,-8.1458
660,"Perhaps a political abolitionist would equally misjudge and underrate the value of the non-voting and moral-suasion party, of which Mr. Garrison was the admitted leader; while in fact the two were the",Daniel 11:29,"At the time appointed he shall return, and come toward the south; but it shall not be as the former, or as the latter.",-8.1460
96,"I may say here that I regard my removal from Col. Lloyd's plantation as one of the most interesting and fortunate events of my life. Viewing it in the light of human likelihoods, it is quite probable ",Isaiah 49:18,"Lift up thine eyes round about, and behold: all these gather themselves together, and come to thee. As I live, saith the LORD, thou shalt surely clothe thee with them all, as with an ornament, and bin",-8.1498
738,"Of this class I was not one. I knew that however bad the Republican party was, the Democratic party was much worse. The elements of which the Republican party was composed gave better # Chapter_49
SEP",1 Chronicles 21:12,"Either three years’ famine; or three months to be destroyed before thy foes, while that the sword of thine enemies overtaketh thee; or else three days the sword of the LORD, even the pestilence, in th",-8.1499
96,"I may say here that I regard my removal from Col. Lloyd's plantation as one of the most interesting and fortunate events of my life. Viewing it in the light of human likelihoods, it is quite probable ",Jeremiah 33:11,"The voice of joy, and the voice of gladness, the voice of the bridegroom, and the voice of the bride, the voice of them that shall say, Praise the LORD of hosts: for the LORD is good; for his mercy en",-8.1603
301,"He seemed to me an all-sufficient match to every opponent, whether they spoke in the name of the law or the gospel. His words were full of holy fire, and straight to the point. Something of a hero-wor",Luke 10:26,He said unto,-8.1683
803,"But with the negotiations in the hands of Rear-Admiral Gherardi a decision must be reached shortly. Admiral Gherardi is sent to resuscitate the negotiations. Admiral Gherardi will succeed eventually.""",Daniel 11:30,"For the ships of Chittim shall come against him: therefore he shall be grieved, and return, and have indignation against the holy covenant: so shall he do; he shall even return, and have intelligence ",-8.1740
639,"Though his folly may be less apparent, it is just as real when one-half of the moral and intellectual power of the world is excluded from any voice or vote in civil government. In this denial of the r",Genesis 47:19,"Wherefore shall we die before thine eyes, both we and our land? buy us and our land for bread, and we and our land will be servants unto Pharaoh: and give us seed, that we may live, and not die, that ",-8.1783
22,"I can therefore fondly and proudly ascribe to her an earnest love of knowledge. That in any slave State a field-hand should learn to read is remarkable, but the achievement of my mother, considering t",Malachi 1:6,"A son honoureth his father, and a servant his master: if then I be a father, where is mine honour? and if I be a master, where is my fear? saith the LORD of hosts unto you, O priests, that despise my",-8.1829
799,"The Republican party and the nation were pledged to the protection of the constitutional rights of the colored citizens. If it refused to perform its promise, it would be false to its highest trust. A",1 Kings 15:23,"For rebellion is as the sin of witchcraft, and stubbornness is as iniquity and idolatry. Because thou hast rejected the word of the LORD, he hath also rejected thee from being king.",-8.1873
416,"Lossing, the historian), will show by what means the governor of Virginia meant to get me into his power, and that my apprehensions of arrest were not altogether groundless:
There is no reason to doub",Acts 23:34,"And when the governor had read the letter, he asked of what province he was. And when he understood that he was of Cilicia; 23:35 I will hear thee, said he, when thine accusers are also come. And he c",-8.2018
123,"In addition to these opportunities, sleeping as I did in the kitchen loft, a room seldom visited by any of the family, I contrived to get a flour-barrel up there and a chair, and upon the head of that",2 Kings 19:37,"Let thy servant, I pray thee, turn back again, that I may die in mine own city, and be buried by the grave of my father and of my mother. But behold thy servant Chimham; let him go over with my lord t",-8.2070
668,It need not be said to those who knew the character and composition of Senator Conkling that it was impossible for him to tolerate or excuse a broken promise. No man more than he considered a man's wo,Luke 6:45,A good man out of the good treasure of his heart bringeth forth that which is good; and an evil man out of the evil treasure of his heart bringeth forth that which is evil: for of the abundance of the,-8.2083
382,"The surrounding country is remarkable for its fertility, and the city itself possesses one of the finest water-powers in the world. It is on the line of the New York Central railroad—a line that, with",Luke 18:2,"Saying, There was in a city a",-8.2095
799,"The Republican party and the nation were pledged to the protection of the constitutional rights of the colored citizens. If it refused to perform its promise, it would be false to its highest trust. A",Isaiah 29:8,"It shall even be as when an hungry man dreameth, and, behold, he eateth; but he awaketh, and his soul is empty: or as when a thirsty man dreameth, and, behold, he drinketh; but he awaketh, and, behold",-8.2105
803,"But with the negotiations in the hands of Rear-Admiral Gherardi a decision must be reached shortly. Admiral Gherardi is sent to resuscitate the negotiations. Admiral Gherardi will succeed eventually.""",Luke 12:48,"But he that knew not, and did commit things worthy of stripes, shall be beaten with few stripes. For unto whomsoever much is given, of him shall be much required: and to whom men have committed much, ",-8.2112
195,"I say I have no doubt of this; the reason is, that there were not, under the whole heavens, a set of men who cultivated such a dread of labor as did the slaveholders. The charge of laziness against th",Malachi 1:6,"A son honoureth his father, and a servant his master: if then I be a father, where is mine honour? and if I be a master, where is my fear? saith the LORD of hosts unto you, O priests, that despise my",-8.2169
83,"One of the commonest sayings to which my ears early became accustomed, was, that it was ""worth but a half a cent to kill a nigger, and half a cent to bury one."" While I heard of numerous murders commi",Genesis 47:19,"Wherefore shall we die before thine eyes, both we and our land? buy us and our land for bread, and we and our land will be servants unto Pharaoh: and give us seed, that we may live, and not die, that ",-8.2249
283,"In these remarks it is possible I do him injustice. He certainly did not exert his power over me as in the case he might have done, but acted, upon the whole, very generously, considering the nature o",Deuteronomy 8:15,"Who led thee through that great and terrible wilderness, wherein were fiery serpents, and scorpions, and drought, where there was no water; who brought thee",-8.2276
533,"Not a dollar, not a dime of its millions were loaned by me, or with my approval. The fact is, and all investigation shows it, that I was married to a corpse. The fine building, with its marble counter",2 Corinthians 11:9,"And when I was present with you, and wanted, I was chargeable to no man: for that which was lacking to me the brethren which came from Macedonia supplied: and in all things I have kept myself from bei",-8.2369
674,"A half a million indeed! The fact is, I never was worth one-fifth of that sum and never expect to be. The offices held by me during the eleven years of my official life never brought me over three tho",Genesis 47:19,"Wherefore shall we die before thine eyes, both we and our land? buy us and our land for bread, and we and our land will be servants unto Pharaoh: and give us seed, that we may live, and not die, that ",-8.2383
169,She never allowed me to go there without giving me bread enough to make good the deficiencies of a day or two. Master Thomas at last resolved to endure my behavior no longer; he could keep neither me ,Isaiah 50:2,"Wherefore, when I came, was there no man? when I called, was there none to answer? Is my hand shortened at all, that it cannot redeem? or have I no power to deliver? behold, at my rebuke I dry up the ",-8.2384
738,"Of this class I was not one. I knew that however bad the Republican party was, the Democratic party was much worse. The elements of which the Republican party was composed gave better # Chapter_49
SEP",Isaiah 50:2,"Wherefore, when I came, was there no man? when I called, was there none to answer? Is my hand shortened at all, that it cannot redeem? or have I no power to deliver? behold, at my rebuke I dry up the ",-8.2538
733,"It is a reciprocal understanding. I do not think that when I ride with an educated, polished rascal he is thereby made my equal, or that when I ride with a numskull it makes him my equal. Social equal",Isaiah 57:13,"When thou criest, let thy companies deliver thee; but the wind shall carry them all away; vanity shall take them: but he that putteth his trust in me shall possess the land, and shall inherit my holy",-8.2541
733,"It is a reciprocal understanding. I do not think that when I ride with an educated, polished rascal he is thereby made my equal, or that when I ride with a numskull it makes him my equal. Social equal",Ezekiel 18:29,"Yet saith the house of Israel, The way of the LORD is not equal. O house of Israel, are not my ways equal? are not your ways unequal?",-8.2544
195,"I say I have no doubt of this; the reason is, that there were not, under the whole heavens, a set of men who cultivated such a dread of labor as did the slaveholders. The charge of laziness against th",Genesis 27:45,"Until thy brother’s anger turn away from thee, and he forget that which thou hast done to him: then I will send, and fetch thee from thence: why should I be deprived also of you",-8.2588
169,She never allowed me to go there without giving me bread enough to make good the deficiencies of a day or two. Master Thomas at last resolved to endure my behavior no longer; he could keep neither me ,Habakkuk 1:13,"Thou art of purer eyes than to behold evil, and canst not look on iniquity: wherefore lookest thou upon them that deal treacherously, and holdest thy tongue when the wicked devoureth the man that is m",-8.2600
123,"In addition to these opportunities, sleeping as I did in the kitchen loft, a room seldom visited by any of the family, I contrived to get a flour-barrel up there and a chair, and upon the head of that",Genesis 27:45,"Until thy brother’s anger turn away from thee, and he forget that which thou hast done to him: then I will send, and fetch thee from thence: why should I be deprived also of you",-8.2621
652,"But I meant here only to say a word in conclusion. Forty years of my life have been given to the cause of my people, and if I had forty years more they should all be sacredly given to the same great c",Proverbs 5:9,"Lest thou give thine honour unto others, and thy years unto",-8.2641
317,"My old and dear friend J. N. Buffum made a point against the company that they ""often allowed dogs and monkeys to ride in first-class cars, and yet excluded a man like Frederick Douglass!"" In a very f",Isaiah 49:18,"Lift up thine eyes round about, and behold: all these gather themselves together, and come to thee. As I live, saith the LORD, thou shalt surely clothe thee with them all, as with an ornament, and bin",-8.2641
96,"I may say here that I regard my removal from Col. Lloyd's plantation as one of the most interesting and fortunate events of my life. Viewing it in the light of human likelihoods, it is quite probable ",Genesis 27:45,"Until thy brother’s anger turn away from thee, and he forget that which thou hast done to him: then I will send, and fetch thee from thence: why should I be deprived also of you",-8.2677
66,Some idea of the splendor of that place sixty years ago has already been given. The contrast between the condition of the slaves and that of their masters was marvelously sharp and striking. There wer,Isaiah 30:6,"The burden of the beasts of the south: into the land of trouble and anguish, from whence come the young and old lion, the viper and fiery flying serpent, they will carry their riches upon the shoulder",-8.2719
240,"We were generally a unit, and moved together. Thoughts and sentiments were exchanged between us which might well have been considered incendiary had they been known by our masters. The slaveholder, we",Jeremiah 40:4,"And now, behold, I loose thee this day from the chains which were upon thine hand. If it seem good unto thee to come with me into Babylon, come; and I will look well unto thee: but if it seem ill unto",-8.2739
744,"He was the son of Rev. Lant Carpenter, who for a long time was an honored pastor in Bristol. He was also the brother of Philip and Mary Carpenter, and one of a family distinguished for every moral and",Ezekiel 38:8,"After many days thou shalt be visited: in the latter years thou shalt come into the land that is brought back from the sword, and is gathered out of many people, against the mountains of Israel, which",-8.2744
83,"One of the commonest sayings to which my ears early became accustomed, was, that it was ""worth but a half a cent to kill a nigger, and half a cent to bury one."" While I heard of numerous murders commi",1 Corinthians 15:43,It is sown in dishonour; it is raised in glory: it is sown in weakness; it is raised,-8.2843
660,"Perhaps a political abolitionist would equally misjudge and underrate the value of the non-voting and moral-suasion party, of which Mr. Garrison was the admitted leader; while in fact the two were the",Matthew 8:9,"For I am a man under authority, having soldiers under me: and I say to this man, Go, and he goeth; and to another, Come, and he cometh; and to my servant, Do this, and he doeth it.",-8.2921
803,"But with the negotiations in the hands of Rear-Admiral Gherardi a decision must be reached shortly. Admiral Gherardi is sent to resuscitate the negotiations. Admiral Gherardi will succeed eventually.""",1 Kings 5:9,"My servants shall bring them down from Lebanon unto the sea: and I will convey them by sea in floats unto the place that thou shalt appoint me, and will cause them to be discharged there, and thou sha",-8.2926
96,"I may say here that I regard my removal from Col. Lloyd's plantation as one of the most interesting and fortunate events of my life. Viewing it in the light of human likelihoods, it is quite probable ",Romans 16:19,"For your obedience is come abroad unto all men. I am glad therefore on your behalf: but yet I would have you wise unto that which is good, and simple concerning evil.",-8.3075
103,"That which he most loved I most hated; and the very determination which he expressed to keep me in ignorance only rendered me the more resolute to seek intelligence. In learning to read, therefore, I ",Malachi 1:6,"A son honoureth his father, and a servant his master: if then I be a father, where is mine honour? and if I be a master, where is my fear? saith the LORD of hosts unto you, O priests, that despise my",-8.3130
18,"The day had been an exciting and wearisome one, and I know not where, but I suppose I sobbed myself to sleep; and its balm was never more welcome to any wounded soul than to mine. The reader may be su",Song of Solomon 8:6,"Set me as a seal upon thine heart, as a seal upon thine arm: for love is strong as death; jealousy is cruel as the grave: the coals thereof are coals of fire, which hath a most vehement flame.",-8.3140
668,It need not be said to those who knew the character and composition of Senator Conkling that it was impossible for him to tolerate or excuse a broken promise. No man more than he considered a man's wo,Romans 1:2,(Which he had promised afore by,-8.3152
738,"Of this class I was not one. I knew that however bad the Republican party was, the Democratic party was much worse. The elements of which the Republican party was composed gave better # Chapter_49
SEP",Proverbs 23:20,Be not among winebibbers; among riotous eaters of flesh: 23:21 For the drunkard and the glutton shall come to poverty: and drowsiness shall clothe a man with rags.,-8.3160
668,It need not be said to those who knew the character and composition of Senator Conkling that it was impossible for him to tolerate or excuse a broken promise. No man more than he considered a man's wo,Luke 1:73,The oath which he,-8.3203
123,"In addition to these opportunities, sleeping as I did in the kitchen loft, a room seldom visited by any of the family, I contrived to get a flour-barrel up there and a chair, and upon the head of that",Leviticus 25:47,"And if a sojourner or stranger wax rich by thee, and thy brother that dwelleth by him wax poor, and sell himself unto the stranger or sojourner by thee, or to the stock of the stranger’s family: 25:48",-8.3213
517,"I was called forward and responded with all the energy of my soul, for I looked upon suffrage to the Negro as the only measure which could prevent him from being thrust back into slavery. From this ti",2 Corinthians 12:18,"I desired Titus, and with him I sent a brother. Did Titus make a gain of you? walked we not in the same spirit? walked we not in the",-8.3278
517,"I was called forward and responded with all the energy of my soul, for I looked upon suffrage to the Negro as the only measure which could prevent him from being thrust back into slavery. From this ti",1 Kings 25:8,"Ask thy young men, and they will shew thee. Wherefore let the young men find favour in thine eyes: for we come in a good day: give, I pray thee, whatsoever cometh to thine hand unto thy servants, and ",-8.3341
66,Some idea of the splendor of that place sixty years ago has already been given. The contrast between the condition of the slaves and that of their masters was marvelously sharp and striking. There wer,Daniel 4:21,"Whose leaves were fair, and the fruit thereof much, and in it was meat for all; under which the beasts of the field dwelt, and upon whose branches the fowls of the heaven had their habitation: 4:22 It",-8.3361
83,"One of the commonest sayings to which my ears early became accustomed, was, that it was ""worth but a half a cent to kill a nigger, and half a cent to bury one."" While I heard of numerous murders commi",Romans 14:4,"Who art thou that judgest another man’s servant? to his own master he standeth or falleth. Yea, he shall be holden up: for God is able to make him stand.",-8.3411
803,"But with the negotiations in the hands of Rear-Admiral Gherardi a decision must be reached shortly. Admiral Gherardi is sent to resuscitate the negotiations. Admiral Gherardi will succeed eventually.""",Judges 9:38,"Then said Zebul unto him, Where is now thy mouth, wherewith thou saidst, Who is Abimelech, that we should serve him? is not this the people that thou hast despised? go out, I pray now, and fight with ",-8.3502
733,"It is a reciprocal understanding. I do not think that when I ride with an educated, polished rascal he is thereby made my equal, or that when I ride with a numskull it makes him my equal. Social equal",2 Peter 1:6,And to knowledge temperance; and to,-8.3505
195,"I say I have no doubt of this; the reason is, that there were not, under the whole heavens, a set of men who cultivated such a dread of labor as did the slaveholders. The charge of laziness against th",Isaiah 57:13,"When thou criest, let thy companies deliver thee; but the wind shall carry them all away; vanity shall take them: but he that putteth his trust in me shall possess the land, and shall inherit my holy",-8.3577
799,"The Republican party and the nation were pledged to the protection of the constitutional rights of the colored citizens. If it refused to perform its promise, it would be false to its highest trust. A",Matthew 26:24,The Son of man goeth as it is written of him: but woe unto that man by whom the Son of man is betrayed! it had been good for that man if he had not been born.,-8.3641
416,"Lossing, the historian), will show by what means the governor of Virginia meant to get me into his power, and that my apprehensions of arrest were not altogether groundless:
There is no reason to doub",Jeremiah 30:21,"And their nobles shall be of themselves, and their governor shall proceed from the midst of them; and I will cause him to draw near, and he shall approach unto me: for who is this that engaged his hea",-8.3658
517,"I was called forward and responded with all the energy of my soul, for I looked upon suffrage to the Negro as the only measure which could prevent him from being thrust back into slavery. From this ti",Joel 3:9,"Proclaim ye this among the Gentiles; Prepare war, wake up the mighty men, let all the men of war draw near; let them come up: 3:10 Beat your plowshares into swords and your pruninghooks into spears: l",-8.3673
18,"The day had been an exciting and wearisome one, and I know not where, but I suppose I sobbed myself to sleep; and its balm was never more welcome to any wounded soul than to mine. The reader may be su",Jeremiah 31:20,"Is Ephraim my dear son? is he a pleasant child? for since I spake against him, I do earnestly remember him still: therefore my bowels are troubled for him; I will surely have mercy upon him, saith the",-8.3686
733,"It is a reciprocal understanding. I do not think that when I ride with an educated, polished rascal he is thereby made my equal, or that when I ride with a numskull it makes him my equal. Social equal",Nahum 3:11,"Thou also shalt be drunken: thou shalt be hid, thou also shalt seek strength because of the enemy.",-8.3692
533,"Not a dollar, not a dime of its millions were loaned by me, or with my approval. The fact is, and all investigation shows it, that I was married to a corpse. The fine building, with its marble counter",Genesis 47:19,"Wherefore shall we die before thine eyes, both we and our land? buy us and our land for bread, and we and our land will be servants unto Pharaoh: and give us seed, that we may live, and not die, that ",-8.3811
652,"But I meant here only to say a word in conclusion. Forty years of my life have been given to the cause of my people, and if I had forty years more they should all be sacredly given to the same great c",Mark 13:31,Heaven and earth shall pass away: but my words shall not pass away.,-8.3828
652,"But I meant here only to say a word in conclusion. Forty years of my life have been given to the cause of my people, and if I had forty years more they should all be sacredly given to the same great c",Luke 21:33,Heaven and earth shall pass away: but my words shall not pass away.,-8.3828
169,She never allowed me to go there without giving me bread enough to make good the deficiencies of a day or two. Master Thomas at last resolved to endure my behavior no longer; he could keep neither me ,Genesis 24:14,"And let it come to pass, that the damsel to whom I shall say, Let down thy pitcher, I pray thee, that I may drink; and she shall say, Drink, and I will give thy camels drink also: let the same be she ",-8.3847
674,"A half a million indeed! The fact is, I never was worth one-fifth of that sum and never expect to be. The offices held by me during the eleven years of my official life never brought me over three tho",Malachi 1:6,"A son honoureth his father, and a servant his master: if then I be a father, where is mine honour? and if I be a master, where is my fear? saith the LORD of hosts unto you, O priests, that despise my",-8.3860
169,She never allowed me to go there without giving me bread enough to make good the deficiencies of a day or two. Master Thomas at last resolved to endure my behavior no longer; he could keep neither me ,1 Kings 9:13,"As soon as ye be come into the city, ye shall straightway find him, before he go up to the high place to eat: for the people will not eat until he come, because he doth bless the sacrifice; and afterw",-8.3883
96,"I may say here that I regard my removal from Col. Lloyd's plantation as one of the most interesting and fortunate events of my life. Viewing it in the light of human likelihoods, it is quite probable ",Isaiah 57:13,"When thou criest, let thy companies deliver thee; but the wind shall carry them all away; vanity shall take them: but he that putteth his trust in me shall possess the land, and shall inherit my holy",-8.3902
803,"But with the negotiations in the hands of Rear-Admiral Gherardi a decision must be reached shortly. Admiral Gherardi is sent to resuscitate the negotiations. Admiral Gherardi will succeed eventually.""",2 Kings 7:4,"If we say, We will enter into the city, then the famine is in the city, and we shall die there: and if we sit still here, we die also. Now therefore come, and let us fall unto the host of the Syrians:",-8.3936
803,"But with the negotiations in the hands of Rear-Admiral Gherardi a decision must be reached shortly. Admiral Gherardi is sent to resuscitate the negotiations. Admiral Gherardi will succeed eventually.""",Isaiah 50:2,"Wherefore, when I came, was there no man? when I called, was there none to answer? Is my hand shortened at all, that it cannot redeem? or have I no power to deliver? behold, at my rebuke I dry up the ",-8.3942
533,"Not a dollar, not a dime of its millions were loaned by me, or with my approval. The fact is, and all investigation shows it, that I was married to a corpse. The fine building, with its marble counter",2 Kings 12:13,"Howbeit there were not made for the house of the LORD bowls of silver, snuffers, basons, trumpets, any vessels of gold, or vessels of silver, of the money that was brought into the house of the LORD:",-8.4077
301,"He seemed to me an all-sufficient match to every opponent, whether they spoke in the name of the law or the gospel. His words were full of holy fire, and straight to the point. Something of a hero-wor",Genesis 28:15,"And, behold, I am with thee, and will keep thee in all places whither thou goest, and will bring thee again into this land; for I will not leave thee, until I have done that which I have spoken to the",-8.4086
317,"My old and dear friend J. N. Buffum made a point against the company that they ""often allowed dogs and monkeys to ride in first-class cars, and yet excluded a man like Frederick Douglass!"" In a very f",Ezekiel 3:25,"But thou, O son of man, behold, they shall put bands upon thee, and shall bind thee with them, and thou shalt not go out among them:",-8.4094
317,"My old and dear friend J. N. Buffum made a point against the company that they ""often allowed dogs and monkeys to ride in first-class cars, and yet excluded a man like Frederick Douglass!"" In a very f",1 Corinthians 7:1,Now concerning the things whereof ye wrote unto me: It is good for a man not to touch a woman.,-8.4123
18,"The day had been an exciting and wearisome one, and I know not where, but I suppose I sobbed myself to sleep; and its balm was never more welcome to any wounded soul than to mine. The reader may be su",Judges 16:17,"That he told her all his heart, and said unto her, There hath not come a razor upon mine head; for I have been a Nazarite unto God from my mother’s womb: if I be shaven, then my strength will go from ",-8.4142
652,"But I meant here only to say a word in conclusion. Forty years of my life have been given to the cause of my people, and if I had forty years more they should all be sacredly given to the same great c",Psalms 116:10,"I believed, therefore have I spoken: I was greatly afflicted:",-8.4230
83,"One of the commonest sayings to which my ears early became accustomed, was, that it was ""worth but a half a cent to kill a nigger, and half a cent to bury one."" While I heard of numerous murders commi",1 Corinthians 7:1,Now concerning the things whereof ye wrote unto me: It is good for a man not to touch a woman.,-8.4251
517,"I was called forward and responded with all the energy of my soul, for I looked upon suffrage to the Negro as the only measure which could prevent him from being thrust back into slavery. From this ti",Genesis 47:19,"Wherefore shall we die before thine eyes, both we and our land? buy us and our land for bread, and we and our land will be servants unto Pharaoh: and give us seed, that we may live, and not die, that ",-8.4276
18,"The day had been an exciting and wearisome one, and I know not where, but I suppose I sobbed myself to sleep; and its balm was never more welcome to any wounded soul than to mine. The reader may be su",Genesis 27:45,"Until thy brother’s anger turn away from thee, and he forget that which thou hast done to him: then I will send, and fetch thee from thence: why should I be deprived also of you",-8.4340
382,"The surrounding country is remarkable for its fertility, and the city itself possesses one of the finest water-powers in the world. It is on the line of the New York Central railroad—a line that, with",Ezekiel 47:9,"And it shall come to pass, that every thing that liveth, which moveth, whithersoever the rivers shall come, shall live: and there shall be a very great multitude of fish, because these waters shall co",-8.4385
665,The madness of Guiteau was but the exaggerated madness of other men. It is impossible to measure the evil which this craving madness may yet bring upon the country. Any civil-service reform which will,Isaiah 29:8,"It shall even be as when an hungry man dreameth, and, behold, he eateth; but he awaketh, and his soul is empty: or as when a thirsty man dreameth, and, behold, he drinketh; but he awaketh, and, behold",-8.4451
382,"The surrounding country is remarkable for its fertility, and the city itself possesses one of the finest water-powers in the world. It is on the line of the New York Central railroad—a line that, with",Isaiah 57:13,"When thou criest, let thy companies deliver thee; but the wind shall carry them all away; vanity shall take them: but he that putteth his trust in me shall possess the land, and shall inherit my holy",-8.4480
169,She never allowed me to go there without giving me bread enough to make good the deficiencies of a day or two. Master Thomas at last resolved to endure my behavior no longer; he could keep neither me ,Judges 16:17,"That he told her all his heart, and said unto her, There hath not come a razor upon mine head; for I have been a Nazarite unto God from my mother’s womb: if I be shaven, then my strength will go from ",-8.4528
66,Some idea of the splendor of that place sixty years ago has already been given. The contrast between the condition of the slaves and that of their masters was marvelously sharp and striking. There wer,Isaiah 29:8,"It shall even be as when an hungry man dreameth, and, behold, he eateth; but he awaketh, and his soul is empty: or as when a thirsty man dreameth, and, behold, he drinketh; but he awaketh, and, behold",-8.4554
517,"I was called forward and responded with all the energy of my soul, for I looked upon suffrage to the Negro as the only measure which could prevent him from being thrust back into slavery. From this ti",Genesis 28:15,"And, behold, I am with thee, and will keep thee in all places whither thou goest, and will bring thee again into this land; for I will not leave thee, until I have done that which I have spoken to the",-8.4566
533,"Not a dollar, not a dime of its millions were loaned by me, or with my approval. The fact is, and all investigation shows it, that I was married to a corpse. The fine building, with its marble counter",Deuteronomy 24:5,"When a man hath taken a new wife, he shall not go out to war, neither shall he be charged with any business: but he shall be free at home one year, and shall cheer up his wife which he hath taken.",-8.4707
733,"It is a reciprocal understanding. I do not think that when I ride with an educated, polished rascal he is thereby made my equal, or that when I ride with a numskull it makes him my equal. Social equal",Romans 12:16,"Be of the same mind one toward another. Mind not high things, but condescend to men of low estate. Be not wise in your own conceits.",-8.4720
66,Some idea of the splendor of that place sixty years ago has already been given. The contrast between the condition of the slaves and that of their masters was marvelously sharp and striking. There wer,Jeremiah 33:11,"The voice of joy, and the voice of gladness, the voice of the bridegroom, and the voice of the bride, the voice of them that shall say, Praise the LORD of hosts: for the LORD is good; for his mercy en",-8.4782
733,"It is a reciprocal understanding. I do not think that when I ride with an educated, polished rascal he is thereby made my equal, or that when I ride with a numskull it makes him my equal. Social equal",Matthew 26:24,The Son of man goeth as it is written of him: but woe unto that man by whom the Son of man is betrayed! it had been good for that man if he had not been born.,-8.4836
123,"In addition to these opportunities, sleeping as I did in the kitchen loft, a room seldom visited by any of the family, I contrived to get a flour-barrel up there and a chair, and upon the head of that",1 Kings 20:29,"And he said, Let me go, I pray thee; for our family hath a sacrifice in the city; and my brother, he hath commanded me to be there: and now, if I have found favour in thine eyes, let me get away, I pr",-8.4836
668,It need not be said to those who knew the character and composition of Senator Conkling that it was impossible for him to tolerate or excuse a broken promise. No man more than he considered a man's wo,Malachi 1:6,"A son honoureth his father, and a servant his master: if then I be a father, where is mine honour? and if I be a master, where is my fear? saith the LORD of hosts unto you, O priests, that despise my",-8.4878
240,"We were generally a unit, and moved together. Thoughts and sentiments were exchanged between us which might well have been considered incendiary had they been known by our masters. The slaveholder, we",2 Corinthians 12:18,"I desired Titus, and with him I sent a brother. Did Titus make a gain of you? walked we not in the same spirit? walked we not in the",-8.4900
18,"The day had been an exciting and wearisome one, and I know not where, but I suppose I sobbed myself to sleep; and its balm was never more welcome to any wounded soul than to mine. The reader may be su",1 Corinthians 15:43,It is sown in dishonour; it is raised in glory: it is sown in weakness; it is raised,-8.4910
317,"My old and dear friend J. N. Buffum made a point against the company that they ""often allowed dogs and monkeys to ride in first-class cars, and yet excluded a man like Frederick Douglass!"" In a very f",Leviticus 19:19,Ye shall keep my statutes. Thou shalt not let thy cattle gender with a diverse kind: thou shalt not sow thy field with mingled seed: neither shall a garment mingled of linen and woollen come upon thee,-8.5029
382,"The surrounding country is remarkable for its fertility, and the city itself possesses one of the finest water-powers in the world. It is on the line of the New York Central railroad—a line that, with",Genesis 47:19,"Wherefore shall we die before thine eyes, both we and our land? buy us and our land for bread, and we and our land will be servants unto Pharaoh: and give us seed, that we may live, and not die, that ",-8.5106
416,"Lossing, the historian), will show by what means the governor of Virginia meant to get me into his power, and that my apprehensions of arrest were not altogether groundless:
There is no reason to doub",1 Chronicles 21:12,"Either three years’ famine; or three months to be destroyed before thy foes, while that the sword of thine enemies overtaketh thee; or else three days the sword of the LORD, even the pestilence, in th",-8.5124
416,"Lossing, the historian), will show by what means the governor of Virginia meant to get me into his power, and that my apprehensions of arrest were not altogether groundless:
There is no reason to doub",Genesis 27:45,"Until thy brother’s anger turn away from thee, and he forget that which thou hast done to him: then I will send, and fetch thee from thence: why should I be deprived also of you",-8.5164
187,"There is a better day coming.""
I shall never be able to narrate half the mental experience through which it was my lot to pass, during my stay at Covey's. I was completely wrecked, changed, and bewild",Deuteronomy 15:18,"It shall not seem hard unto thee, when thou sendest him away free from thee; for he hath been worth a double hired servant to thee, in serving thee six years: and the LORD thy God shall bless thee in ",-8.5209
517,"I was called forward and responded with all the energy of my soul, for I looked upon suffrage to the Negro as the only measure which could prevent him from being thrust back into slavery. From this ti",Romans 14:4,"Who art thou that judgest another man’s servant? to his own master he standeth or falleth. Yea, he shall be holden up: for God is able to make him stand.",-8.5283
66,Some idea of the splendor of that place sixty years ago has already been given. The contrast between the condition of the slaves and that of their masters was marvelously sharp and striking. There wer,Isaiah 57:13,"When thou criest, let thy companies deliver thee; but the wind shall carry them all away; vanity shall take them: but he that putteth his trust in me shall possess the land, and shall inherit my holy",-8.5283
652,"But I meant here only to say a word in conclusion. Forty years of my life have been given to the cause of my people, and if I had forty years more they should all be sacredly given to the same great c",1 Corinthians 13:4,"Charity suffereth long, and is kind; charity envieth not; charity",-8.5425
738,"Of this class I was not one. I knew that however bad the Republican party was, the Democratic party was much worse. The elements of which the Republican party was composed gave better # Chapter_49
SEP",Habakkuk 1:13,"Thou art of purer eyes than to behold evil, and canst not look on iniquity: wherefore lookest thou upon them that deal treacherously, and holdest thy tongue when the wicked devoureth the man that is m",-8.5482
733,"It is a reciprocal understanding. I do not think that when I ride with an educated, polished rascal he is thereby made my equal, or that when I ride with a numskull it makes him my equal. Social equal",John 7:43,So there was a division among the people because of him.,-8.5487
416,"Lossing, the historian), will show by what means the governor of Virginia meant to get me into his power, and that my apprehensions of arrest were not altogether groundless:
There is no reason to doub",2 Kings 24:13,"So Gad came to David, and told him, and said unto him, Shall seven years of famine come unto thee in thy land? or wilt thou flee three months before thine enemies, while they pursue thee? or that ther",-8.5524
66,Some idea of the splendor of that place sixty years ago has already been given. The contrast between the condition of the slaves and that of their masters was marvelously sharp and striking. There wer,Deuteronomy 14:26,"And thou shalt bestow that money for whatsoever thy soul lusteth after, for oxen, or for sheep, or for wine, or for strong drink, or for whatsoever thy soul desireth: and thou shalt eat there before t",-8.5533
850,"All must see that the effect of this was calculated to weaken our higher claim and to place us at a disadvantage before Haïti and before all the world. ""And now, since the American people have been ma",Deuteronomy 12:30,"Take heed to thyself that thou be not snared by following them, after that they be destroyed from before thee; and that thou enquire not after their gods, saying, How did these nations serve their god",-8.5556
652,"But I meant here only to say a word in conclusion. Forty years of my life have been given to the cause of my people, and if I had forty years more they should all be sacredly given to the same great c",1 Kings 2:2,I go the way of all the earth: be thou,-8.5602
382,"The surrounding country is remarkable for its fertility, and the city itself possesses one of the finest water-powers in the world. It is on the line of the New York Central railroad—a line that, with",1 Kings 9:6,"And he said unto him, Behold now, there is in this city a man of God, and he is an honourable man; all that he saith cometh surely to pass: now let us go thither; peradventure he can shew us our way t",-8.5638
382,"The surrounding country is remarkable for its fertility, and the city itself possesses one of the finest water-powers in the world. It is on the line of the New York Central railroad—a line that, with",Ecclesiastes 2:21,"For there is a man whose labour is in wisdom, and in knowledge, and in equity; yet to a man that hath not laboured therein shall he leave it for his portion. This also is vanity and a great evil.",-8.5722
66,Some idea of the splendor of that place sixty years ago has already been given. The contrast between the condition of the slaves and that of their masters was marvelously sharp and striking. There wer,Exodus 8:3,"And the river shall bring forth frogs abundantly, which shall go up and come into thine house, and into thy bedchamber, and upon thy bed, and into the house of thy servants, and upon thy people, and i",-8.5793
169,She never allowed me to go there without giving me bread enough to make good the deficiencies of a day or two. Master Thomas at last resolved to endure my behavior no longer; he could keep neither me ,Isaiah 57:13,"When thou criest, let thy companies deliver thee; but the wind shall carry them all away; vanity shall take them: but he that putteth his trust in me shall possess the land, and shall inherit my holy",-8.5810
799,"The Republican party and the nation were pledged to the protection of the constitutional rights of the colored citizens. If it refused to perform its promise, it would be false to its highest trust. A",Genesis 47:19,"Wherefore shall we die before thine eyes, both we and our land? buy us and our land for bread, and we and our land will be servants unto Pharaoh: and give us seed, that we may live, and not die, that ",-8.5925
18,"The day had been an exciting and wearisome one, and I know not where, but I suppose I sobbed myself to sleep; and its balm was never more welcome to any wounded soul than to mine. The reader may be su",Deuteronomy 8:15,"Who led thee through that great and terrible wilderness, wherein were fiery serpents, and scorpions, and drought, where there was no water; who brought thee",-8.5949
317,"My old and dear friend J. N. Buffum made a point against the company that they ""often allowed dogs and monkeys to ride in first-class cars, and yet excluded a man like Frederick Douglass!"" In a very f",Jeremiah 40:4,"And now, behold, I loose thee this day from the chains which were upon thine hand. If it seem good unto thee to come with me into Babylon, come; and I will look well unto thee: but if it seem ill unto",-8.6036
733,"It is a reciprocal understanding. I do not think that when I ride with an educated, polished rascal he is thereby made my equal, or that when I ride with a numskull it makes him my equal. Social equal",Romans 14:4,"Who art thou that judgest another man’s servant? to his own master he standeth or falleth. Yea, he shall be holden up: for God is able to make him stand.",-8.6051
169,She never allowed me to go there without giving me bread enough to make good the deficiencies of a day or two. Master Thomas at last resolved to endure my behavior no longer; he could keep neither me ,Jeremiah 40:4,"And now, behold, I loose thee this day from the chains which were upon thine hand. If it seem good unto thee to come with me into Babylon, come; and I will look well unto thee: but if it seem ill unto",-8.6078
382,"The surrounding country is remarkable for its fertility, and the city itself possesses one of the finest water-powers in the world. It is on the line of the New York Central railroad—a line that, with",Ecclesiastes 8:14,"There is a vanity which is done upon the earth; that there be just men, unto whom it happeneth according to the work of the wicked; again, there be wicked men, to whom it happeneth according to the wo",-8.6087
738,"Of this class I was not one. I knew that however bad the Republican party was, the Democratic party was much worse. The elements of which the Republican party was composed gave better # Chapter_49
SEP",Mark 14:21,"The Son of man indeed goeth, as it is written of him: but woe to that man by whom the Son of man is betrayed! good were it for that man if he had never been born.",-8.6319
18,"The day had been an exciting and wearisome one, and I know not where, but I suppose I sobbed myself to sleep; and its balm was never more welcome to any wounded soul than to mine. The reader may be su",Nahum 3:15,"There shall the fire devour thee; the sword shall cut thee off, it shall eat thee up like the cankerworm: make thyself many as the cankerworm, make thyself many as the locusts.",-8.6350
364,"It was rather hard, after having enjoyed for so long a time equal social privileges, after dining with persons of great literary, social, political, and religious eminence, and never, during the whole",Ecclesiastes 6:2,"A man to whom God hath given riches, wealth, and honour, so that he wanteth nothing for his soul of all that he desireth, yet God giveth him not power to eat thereof, but a stranger eateth it: this is",-8.6417
364,"It was rather hard, after having enjoyed for so long a time equal social privileges, after dining with persons of great literary, social, political, and religious eminence, and never, during the whole",2 Peter 1:6,And to knowledge temperance; and to,-8.6473
738,"Of this class I was not one. I knew that however bad the Republican party was, the Democratic party was much worse. The elements of which the Republican party was composed gave better # Chapter_49
SEP",Matthew 26:24,The Son of man goeth as it is written of him: but woe unto that man by whom the Son of man is betrayed! it had been good for that man if he had not been born.,-8.6558
187,"There is a better day coming.""
I shall never be able to narrate half the mental experience through which it was my lot to pass, during my stay at Covey's. I was completely wrecked, changed, and bewild",Genesis 47:4,"They said morever unto Pharaoh, For to sojourn in the land are we come; for thy servants have no pasture for their flocks; for the famine is sore in the land of Canaan: now therefore, we pray thee, le",-8.6655
652,"But I meant here only to say a word in conclusion. Forty years of my life have been given to the cause of my people, and if I had forty years more they should all be sacredly given to the same great c",Psalms 40:7,"Then said I, Lo, I come: in the volume of the book it is written of me,",-8.6675
382,"The surrounding country is remarkable for its fertility, and the city itself possesses one of the finest water-powers in the world. It is on the line of the New York Central railroad—a line that, with",Exodus 8:3,"And the river shall bring forth frogs abundantly, which shall go up and come into thine house, and into thy bedchamber, and upon thy bed, and into the house of thy servants, and upon thy people, and i",-8.6776
738,"Of this class I was not one. I knew that however bad the Republican party was, the Democratic party was much worse. The elements of which the Republican party was composed gave better # Chapter_49
SEP",1 Chronicles 25:26,The nineteenth to,-8.6867
169,She never allowed me to go there without giving me bread enough to make good the deficiencies of a day or two. Master Thomas at last resolved to endure my behavior no longer; he could keep neither me ,Genesis 27:45,"Until thy brother’s anger turn away from thee, and he forget that which thou hast done to him: then I will send, and fetch thee from thence: why should I be deprived also of you",-8.6874
382,"The surrounding country is remarkable for its fertility, and the city itself possesses one of the finest water-powers in the world. It is on the line of the New York Central railroad—a line that, with",1 Kings 9:13,"As soon as ye be come into the city, ye shall straightway find him, before he go up to the high place to eat: for the people will not eat until he come, because he doth bless the sacrifice; and afterw",-8.6886
83,"One of the commonest sayings to which my ears early became accustomed, was, that it was ""worth but a half a cent to kill a nigger, and half a cent to bury one."" While I heard of numerous murders commi",1 Corinthians 7:27,Art thou bound unto a wife? seek not to be loosed. Art thou loosed from a wife? seek not a wife.,-8.6966
416,"Lossing, the historian), will show by what means the governor of Virginia meant to get me into his power, and that my apprehensions of arrest were not altogether groundless:
There is no reason to doub",Genesis 42:33,"And the man, the lord of the country, said unto us, Hereby shall I know that ye are true men; leave one of your brethren here with me, and take food for the famine of your households, and be gone: 42:",-8.7027
96,"I may say here that I regard my removal from Col. Lloyd's plantation as one of the most interesting and fortunate events of my life. Viewing it in the light of human likelihoods, it is quite probable ",1 Corinthians 7:1,Now concerning the things whereof ye wrote unto me: It is good for a man not to touch a woman.,-8.7137
187,"There is a better day coming.""
I shall never be able to narrate half the mental experience through which it was my lot to pass, during my stay at Covey's. I was completely wrecked, changed, and bewild",Jeremiah 40:4,"And now, behold, I loose thee this day from the chains which were upon thine hand. If it seem good unto thee to come with me into Babylon, come; and I will look well unto thee: but if it seem ill unto",-8.7185
803,"But with the negotiations in the hands of Rear-Admiral Gherardi a decision must be reached shortly. Admiral Gherardi is sent to resuscitate the negotiations. Admiral Gherardi will succeed eventually.""",Genesis 47:19,"Wherefore shall we die before thine eyes, both we and our land? buy us and our land for bread, and we and our land will be servants unto Pharaoh: and give us seed, that we may live, and not die, that ",-8.7274
803,"But with the negotiations in the hands of Rear-Admiral Gherardi a decision must be reached shortly. Admiral Gherardi is sent to resuscitate the negotiations. Admiral Gherardi will succeed eventually.""",Revelation 13:10,He that leadeth into captivity shall go into captivity: he that killeth with the sword must be killed with the sword. Here is the patience and the faith of the saints.,-8.7298
18,"The day had been an exciting and wearisome one, and I know not where, but I suppose I sobbed myself to sleep; and its balm was never more welcome to any wounded soul than to mine. The reader may be su",Malachi 1:6,"A son honoureth his father, and a servant his master: if then I be a father, where is mine honour? and if I be a master, where is my fear? saith the LORD of hosts unto you, O priests, that despise my",-8.7381
738,"Of this class I was not one. I knew that however bad the Republican party was, the Democratic party was much worse. The elements of which the Republican party was composed gave better # Chapter_49
SEP",1 Kings 25:8,"Ask thy young men, and they will shew thee. Wherefore let the young men find favour in thine eyes: for we come in a good day: give, I pray thee, whatsoever cometh to thine hand unto thy servants, and ",-8.7416
738,"Of this class I was not one. I knew that however bad the Republican party was, the Democratic party was much worse. The elements of which the Republican party was composed gave better # Chapter_49
SEP",Deuteronomy 8:15,"Who led thee through that great and terrible wilderness, wherein were fiery serpents, and scorpions, and drought, where there was no water; who brought thee",-8.7470
66,Some idea of the splendor of that place sixty years ago has already been given. The contrast between the condition of the slaves and that of their masters was marvelously sharp and striking. There wer,1 Corinthians 15:43,It is sown in dishonour; it is raised in glory: it is sown in weakness; it is raised,-8.7505
799,"The Republican party and the nation were pledged to the protection of the constitutional rights of the colored citizens. If it refused to perform its promise, it would be false to its highest trust. A",Leviticus 25:47,"And if a sojourner or stranger wax rich by thee, and thy brother that dwelleth by him wax poor, and sell himself unto the stranger or sojourner by thee, or to the stock of the stranger’s family: 25:48",-8.7594
733,"It is a reciprocal understanding. I do not think that when I ride with an educated, polished rascal he is thereby made my equal, or that when I ride with a numskull it makes him my equal. Social equal",Luke 6:38,"Give, and it shall be given unto you; good measure, pressed down, and shaken together, and running over, shall men give into your bosom. For with the same measure that ye mete withal it shall be measu",-8.7753
533,"Not a dollar, not a dime of its millions were loaned by me, or with my approval. The fact is, and all investigation shows it, that I was married to a corpse. The fine building, with its marble counter",Luke 19:23,"Wherefore then gavest not thou my money into the bank, that at my coming I might",-8.7787
416,"Lossing, the historian), will show by what means the governor of Virginia meant to get me into his power, and that my apprehensions of arrest were not altogether groundless:
There is no reason to doub",Daniel 11:25,And he shall stir up his power and his courage against the king of the south with a great army; and the king of the south shall be stirred up to battle with a very great and mighty army; but he shall ,-8.7871
533,"Not a dollar, not a dime of its millions were loaned by me, or with my approval. The fact is, and all investigation shows it, that I was married to a corpse. The fine building, with its marble counter",Luke 18:2,"Saying, There was in a city a",-8.7900
738,"Of this class I was not one. I knew that however bad the Republican party was, the Democratic party was much worse. The elements of which the Republican party was composed gave better # Chapter_49
SEP",Malachi 1:6,"A son honoureth his father, and a servant his master: if then I be a father, where is mine honour? and if I be a master, where is my fear? saith the LORD of hosts unto you, O priests, that despise my",-8.7934
317,"My old and dear friend J. N. Buffum made a point against the company that they ""often allowed dogs and monkeys to ride in first-class cars, and yet excluded a man like Frederick Douglass!"" In a very f",Judges 7:4,"And the LORD said unto Gideon, The people are yet too many; bring them down unto the water, and I will try them for thee there: and it shall be, that of whom I say unto thee, This shall go with thee, ",-8.8076
187,"There is a better day coming.""
I shall never be able to narrate half the mental experience through which it was my lot to pass, during my stay at Covey's. I was completely wrecked, changed, and bewild",Isaiah 7:21,"And it shall come to pass in that day, that a man shall nourish a",-8.8096
533,"Not a dollar, not a dime of its millions were loaned by me, or with my approval. The fact is, and all investigation shows it, that I was married to a corpse. The fine building, with its marble counter",Proverbs 5:10,Lest strangers be filled with thy wealth; and thy,-8.8246
382,"The surrounding country is remarkable for its fertility, and the city itself possesses one of the finest water-powers in the world. It is on the line of the New York Central railroad—a line that, with",Haggai 1:9,"Ye looked for much, and, lo it came to little; and when ye brought it home, I did blow upon it. Why? saith the LORD of hosts. Because of mine house that is waste, and ye run every man unto his own hou",-8.8308
416,"Lossing, the historian), will show by what means the governor of Virginia meant to get me into his power, and that my apprehensions of arrest were not altogether groundless:
There is no reason to doub",1 Kings 9:16,"To morrow about this time I will send thee a man out of the land of Benjamin, and thou shalt anoint him to be captain over my people Israel, that he may save my people out of the hand of the Philistin",-8.8309
18,"The day had been an exciting and wearisome one, and I know not where, but I suppose I sobbed myself to sleep; and its balm was never more welcome to any wounded soul than to mine. The reader may be su",Jeremiah 33:11,"The voice of joy, and the voice of gladness, the voice of the bridegroom, and the voice of the bride, the voice of them that shall say, Praise the LORD of hosts: for the LORD is good; for his mercy en",-8.8319
364,"It was rather hard, after having enjoyed for so long a time equal social privileges, after dining with persons of great literary, social, political, and religious eminence, and never, during the whole",Nahum 3:11,"Thou also shalt be drunken: thou shalt be hid, thou also shalt seek strength because of the enemy.",-8.8420
364,"It was rather hard, after having enjoyed for so long a time equal social privileges, after dining with persons of great literary, social, political, and religious eminence, and never, during the whole",1 Kings 9:13,"As soon as ye be come into the city, ye shall straightway find him, before he go up to the high place to eat: for the people will not eat until he come, because he doth bless the sacrifice; and afterw",-8.8590
364,"It was rather hard, after having enjoyed for so long a time equal social privileges, after dining with persons of great literary, social, political, and religious eminence, and never, during the whole",Habakkuk 1:13,"Thou art of purer eyes than to behold evil, and canst not look on iniquity: wherefore lookest thou upon them that deal treacherously, and holdest thy tongue when the wicked devoureth the man that is m",-8.8688
123,"In addition to these opportunities, sleeping as I did in the kitchen loft, a room seldom visited by any of the family, I contrived to get a flour-barrel up there and a chair, and upon the head of that",Ruth 3:13,"Tarry this night, and it shall be in the morning, that if he will perform unto thee the part of a kinsman, well; let him do the kinsman’s part: but if he will not do the part of a kinsman to thee, the",-8.8826
590,"I regret that my engagements and duties were such that I could not then and there accept his invitation, for I could not doubt the sincerity with which it was given, or fail to see the value of compli",Romans 16:19,"For your obedience is come abroad unto all men. I am glad therefore on your behalf: but yet I would have you wise unto that which is good, and simple concerning evil.",-8.8881
416,"Lossing, the historian), will show by what means the governor of Virginia meant to get me into his power, and that my apprehensions of arrest were not altogether groundless:
There is no reason to doub",Genesis 28:15,"And, behold, I am with thee, and will keep thee in all places whither thou goest, and will bring thee again into this land; for I will not leave thee, until I have done that which I have spoken to the",-8.8921
187,"There is a better day coming.""
I shall never be able to narrate half the mental experience through which it was my lot to pass, during my stay at Covey's. I was completely wrecked, changed, and bewild",Psalms 84:10,"For a day in thy courts is better than a thousand. I had rather be a doorkeeper in the house of my God, than to dwell in the tents of wickedness.",-8.9146
665,The madness of Guiteau was but the exaggerated madness of other men. It is impossible to measure the evil which this craving madness may yet bring upon the country. Any civil-service reform which will,Romans 16:19,"For your obedience is come abroad unto all men. I am glad therefore on your behalf: but yet I would have you wise unto that which is good, and simple concerning evil.",-8.9167
850,"All must see that the effect of this was calculated to weaken our higher claim and to place us at a disadvantage before Haïti and before all the world. ""And now, since the American people have been ma",Romans 16:19,"For your obedience is come abroad unto all men. I am glad therefore on your behalf: but yet I would have you wise unto that which is good, and simple concerning evil.",-8.9529
416,"Lossing, the historian), will show by what means the governor of Virginia meant to get me into his power, and that my apprehensions of arrest were not altogether groundless:
There is no reason to doub",Jeremiah 40:4,"And now, behold, I loose thee this day from the chains which were upon thine hand. If it seem good unto thee to come with me into Babylon, come; and I will look well unto thee: but if it seem ill unto",-8.9536
850,"All must see that the effect of this was calculated to weaken our higher claim and to place us at a disadvantage before Haïti and before all the world. ""And now, since the American people have been ma",Genesis 47:19,"Wherefore shall we die before thine eyes, both we and our land? buy us and our land for bread, and we and our land will be servants unto Pharaoh: and give us seed, that we may live, and not die, that ",-8.9809
187,"There is a better day coming.""
I shall never be able to narrate half the mental experience through which it was my lot to pass, during my stay at Covey's. I was completely wrecked, changed, and bewild",Nehemiah 5:18,"Now that which was prepared for me daily was one ox and six choice sheep; also fowls were prepared for me, and once in ten days store of all sorts of wine: yet for all this required not I the bread of",-8.9921
187,"There is a better day coming.""
I shall never be able to narrate half the mental experience through which it was my lot to pass, during my stay at Covey's. I was completely wrecked, changed, and bewild",Ecclesiastes 2:24,"There is nothing better for a man, than that he should eat and drink, and that he should make his soul enjoy good in his labour. This also I saw, that it was from the hand of God.",-9.0023
850,"All must see that the effect of this was calculated to weaken our higher claim and to place us at a disadvantage before Haïti and before all the world. ""And now, since the American people have been ma",Ecclesiastes 4:4,"Again, I considered all travail, and every right work, that for this a man is envied of his neighbour. This is also vanity and vexation of spirit.",-9.0060
123,"In addition to these opportunities, sleeping as I did in the kitchen loft, a room seldom visited by any of the family, I contrived to get a flour-barrel up there and a chair, and upon the head of that",Jeremiah 40:4,"And now, behold, I loose thee this day from the chains which were upon thine hand. If it seem good unto thee to come with me into Babylon, come; and I will look well unto thee: but if it seem ill unto",-9.0062
364,"It was rather hard, after having enjoyed for so long a time equal social privileges, after dining with persons of great literary, social, political, and religious eminence, and never, during the whole",Genesis 27:45,"Until thy brother’s anger turn away from thee, and he forget that which thou hast done to him: then I will send, and fetch thee from thence: why should I be deprived also of you",-9.0335
533,"Not a dollar, not a dime of its millions were loaned by me, or with my approval. The fact is, and all investigation shows it, that I was married to a corpse. The fine building, with its marble counter",Isaiah 29:8,"It shall even be as when an hungry man dreameth, and, behold, he eateth; but he awaketh, and his soul is empty: or as when a thirsty man dreameth, and, behold, he drinketh; but he awaketh, and, behold",-9.0502
187,"There is a better day coming.""
I shall never be able to narrate half the mental experience through which it was my lot to pass, during my stay at Covey's. I was completely wrecked, changed, and bewild",Habakkuk 1:13,"Thou art of purer eyes than to behold evil, and canst not look on iniquity: wherefore lookest thou upon them that deal treacherously, and holdest thy tongue when the wicked devoureth the man that is m",-9.0573
364,"It was rather hard, after having enjoyed for so long a time equal social privileges, after dining with persons of great literary, social, political, and religious eminence, and never, during the whole",Proverbs 23:20,Be not among winebibbers; among riotous eaters of flesh: 23:21 For the drunkard and the glutton shall come to poverty: and drowsiness shall clothe a man with rags.,-9.0649
850,"All must see that the effect of this was calculated to weaken our higher claim and to place us at a disadvantage before Haïti and before all the world. ""And now, since the American people have been ma",Psalms 116:10,"I believed, therefore have I spoken: I was greatly afflicted:",-9.0732
590,"I regret that my engagements and duties were such that I could not then and there accept his invitation, for I could not doubt the sincerity with which it was given, or fail to see the value of compli",Jeremiah 40:4,"And now, behold, I loose thee this day from the chains which were upon thine hand. If it seem good unto thee to come with me into Babylon, come; and I will look well unto thee: but if it seem ill unto",-9.0886
850,"All must see that the effect of this was calculated to weaken our higher claim and to place us at a disadvantage before Haïti and before all the world. ""And now, since the American people have been ma",John 1:8,"He was not that Light, but was sent to bear witness of that Light.",-9.0998
850,"All must see that the effect of this was calculated to weaken our higher claim and to place us at a disadvantage before Haïti and before all the world. ""And now, since the American people have been ma",Philippians 2:26,"For he longed after you all, and was full of heaviness, because that ye had heard that he had been sick.",-9.1073
850,"All must see that the effect of this was calculated to weaken our higher claim and to place us at a disadvantage before Haïti and before all the world. ""And now, since the American people have been ma",Ecclesiastes 7:14,"In the day of prosperity be joyful, but in the day of adversity consider: God also hath set the one over against the other, to the end that man should find nothing after him.",-9.1103
665,The madness of Guiteau was but the exaggerated madness of other men. It is impossible to measure the evil which this craving madness may yet bring upon the country. Any civil-service reform which will,Proverbs 23:20,Be not among winebibbers; among riotous eaters of flesh: 23:21 For the drunkard and the glutton shall come to poverty: and drowsiness shall clothe a man with rags.,-9.1105
364,"It was rather hard, after having enjoyed for so long a time equal social privileges, after dining with persons of great literary, social, political, and religious eminence, and never, during the whole",Isaiah 29:8,"It shall even be as when an hungry man dreameth, and, behold, he eateth; but he awaketh, and his soul is empty: or as when a thirsty man dreameth, and, behold, he drinketh; but he awaketh, and, behold",-9.1163
590,"I regret that my engagements and duties were such that I could not then and there accept his invitation, for I could not doubt the sincerity with which it was given, or fail to see the value of compli",1 Kings 20:29,"And he said, Let me go, I pray thee; for our family hath a sacrifice in the city; and my brother, he hath commanded me to be there: and now, if I have found favour in thine eyes, let me get away, I pr",-9.1276
665,The madness of Guiteau was but the exaggerated madness of other men. It is impossible to measure the evil which this craving madness may yet bring upon the country. Any civil-service reform which will,Hebrews 10:13,From henceforth expecting till his enemies be made his footstool.,-9.1279
850,"All must see that the effect of this was calculated to weaken our higher claim and to place us at a disadvantage before Haïti and before all the world. ""And now, since the American people have been ma",Ecclesiastes 8:17,"Then I beheld all the work of God, that a man cannot find out the work that is done under the sun: because though a man labour to seek it out, yet he shall not find it; yea farther; though a wise man ",-9.1344
590,"I regret that my engagements and duties were such that I could not then and there accept his invitation, for I could not doubt the sincerity with which it was given, or fail to see the value of compli",1 Kings 29:4,"And the princes of the Philistines were wroth with him; and the princes of the Philistines said unto him, Make this fellow return, that he may go again to his place which thou hast appointed him, and ",-9.1968
96,"I may say here that I regard my removal from Col. Lloyd's plantation as one of the most interesting and fortunate events of my life. Viewing it in the light of human likelihoods, it is quite probable ",2 Corinthians 12:18,"I desired Titus, and with him I sent a brother. Did Titus make a gain of you? walked we not in the same spirit? walked we not in the",-9.1972
533,"Not a dollar, not a dime of its millions were loaned by me, or with my approval. The fact is, and all investigation shows it, that I was married to a corpse. The fine building, with its marble counter",Jeremiah 40:4,"And now, behold, I loose thee this day from the chains which were upon thine hand. If it seem good unto thee to come with me into Babylon, come; and I will look well unto thee: but if it seem ill unto",-9.2080
1,"# Chapter_1
IN Talbot County, Eastern Shore, State of Maryland, near Easton, the county town, there is a small district of country, thinly populated, and remarkable for nothing that I know of more tha",2 Corinthians 11:25,"Thrice was I beaten with rods, once was I stoned, thrice I suffered shipwreck, a night and a day I have been in the deep; 11:26 In journeyings often, in perils of waters, in perils of robbers, in peri",-9.2375
364,"It was rather hard, after having enjoyed for so long a time equal social privileges, after dining with persons of great literary, social, political, and religious eminence, and never, during the whole",Judges 16:17,"That he told her all his heart, and said unto her, There hath not come a razor upon mine head; for I have been a Nazarite unto God from my mother’s womb: if I be shaven, then my strength will go from ",-9.2387
665,The madness of Guiteau was but the exaggerated madness of other men. It is impossible to measure the evil which this craving madness may yet bring upon the country. Any civil-service reform which will,Luke 12:48,"But he that knew not, and did commit things worthy of stripes, shall be beaten with few stripes. For unto whomsoever much is given, of him shall be much required: and to whom men have committed much, ",-9.2390
665,The madness of Guiteau was but the exaggerated madness of other men. It is impossible to measure the evil which this craving madness may yet bring upon the country. Any civil-service reform which will,Matthew 8:9,"For I am a man under authority, having soldiers under me: and I say to this man, Go, and he goeth; and to another, Come, and he cometh; and to my servant, Do this, and he doeth it.",-9.2484
1,"# Chapter_1
IN Talbot County, Eastern Shore, State of Maryland, near Easton, the county town, there is a small district of country, thinly populated, and remarkable for nothing that I know of more tha",Isaiah 50:2,"Wherefore, when I came, was there no man? when I called, was there none to answer? Is my hand shortened at all, that it cannot redeem? or have I no power to deliver? behold, at my rebuke I dry up the ",-9.2545
590,"I regret that my engagements and duties were such that I could not then and there accept his invitation, for I could not doubt the sincerity with which it was given, or fail to see the value of compli",Deuteronomy 12:30,"Take heed to thyself that thou be not snared by following them, after that they be destroyed from before thee; and that thou enquire not after their gods, saying, How did these nations serve their god",-9.2917
590,"I regret that my engagements and duties were such that I could not then and there accept his invitation, for I could not doubt the sincerity with which it was given, or fail to see the value of compli",Genesis 27:45,"Until thy brother’s anger turn away from thee, and he forget that which thou hast done to him: then I will send, and fetch thee from thence: why should I be deprived also of you",-9.3109
665,The madness of Guiteau was but the exaggerated madness of other men. It is impossible to measure the evil which this craving madness may yet bring upon the country. Any civil-service reform which will,Matthew 26:24,The Son of man goeth as it is written of him: but woe unto that man by whom the Son of man is betrayed! it had been good for that man if he had not been born.,-9.3220
665,The madness of Guiteau was but the exaggerated madness of other men. It is impossible to measure the evil which this craving madness may yet bring upon the country. Any civil-service reform which will,Mark 14:21,"The Son of man indeed goeth, as it is written of him: but woe to that man by whom the Son of man is betrayed! good were it for that man if he had never been born.",-9.3324
590,"I regret that my engagements and duties were such that I could not then and there accept his invitation, for I could not doubt the sincerity with which it was given, or fail to see the value of compli",1 Kings 25:8,"Ask thy young men, and they will shew thee. Wherefore let the young men find favour in thine eyes: for we come in a good day: give, I pray thee, whatsoever cometh to thine hand unto thy servants, and ",-9.3472
590,"I regret that my engagements and duties were such that I could not then and there accept his invitation, for I could not doubt the sincerity with which it was given, or fail to see the value of compli",Proverbs 23:20,Be not among winebibbers; among riotous eaters of flesh: 23:21 For the drunkard and the glutton shall come to poverty: and drowsiness shall clothe a man with rags.,-9.3709
665,The madness of Guiteau was but the exaggerated madness of other men. It is impossible to measure the evil which this craving madness may yet bring upon the country. Any civil-service reform which will,Proverbs 26:12,Seest thou a man wise in his own conceit? there is more hope of a fool than of him.,-9.4065
187,"There is a better day coming.""
I shall never be able to narrate half the mental experience through which it was my lot to pass, during my stay at Covey's. I was completely wrecked, changed, and bewild",Mark 14:21,"The Son of man indeed goeth, as it is written of him: but woe to that man by whom the Son of man is betrayed! good were it for that man if he had never been born.",-9.4208
187,"There is a better day coming.""
I shall never be able to narrate half the mental experience through which it was my lot to pass, during my stay at Covey's. I was completely wrecked, changed, and bewild",Nahum 1:1,The burden of Nineveh. The book of the vision of Nahum the Elkoshite.,-9.4356
364,"It was rather hard, after having enjoyed for so long a time equal social privileges, after dining with persons of great literary, social, political, and religious eminence, and never, during the whole",Genesis 24:14,"And let it come to pass, that the damsel to whom I shall say, Let down thy pitcher, I pray thee, that I may drink; and she shall say, Drink, and I will give thy camels drink also: let the same be she ",-9.4385
590,"I regret that my engagements and duties were such that I could not then and there accept his invitation, for I could not doubt the sincerity with which it was given, or fail to see the value of compli",Malachi 1:6,"A son honoureth his father, and a servant his master: if then I be a father, where is mine honour? and if I be a master, where is my fear? saith the LORD of hosts unto you, O priests, that despise my",-9.4492
665,The madness of Guiteau was but the exaggerated madness of other men. It is impossible to measure the evil which this craving madness may yet bring upon the country. Any civil-service reform which will,Romans 14:4,"Who art thou that judgest another man’s servant? to his own master he standeth or falleth. Yea, he shall be holden up: for God is able to make him stand.",-9.4578
850,"All must see that the effect of this was calculated to weaken our higher claim and to place us at a disadvantage before Haïti and before all the world. ""And now, since the American people have been ma",1 Peter 5:5,"Likewise, ye younger, submit yourselves unto the elder. Yea, all of you be subject one to another, and be clothed with humility: for God resisteth the proud, and giveth grace to the humble.",-9.4656
1,"# Chapter_1
IN Talbot County, Eastern Shore, State of Maryland, near Easton, the county town, there is a small district of country, thinly populated, and remarkable for nothing that I know of more tha",Ezra 7:4,The son of,-9.5198
1,"# Chapter_1
IN Talbot County, Eastern Shore, State of Maryland, near Easton, the county town, there is a small district of country, thinly populated, and remarkable for nothing that I know of more tha",Deuteronomy 8:15,"Who led thee through that great and terrible wilderness, wherein were fiery serpents, and scorpions, and drought, where there was no water; who brought thee",-9.5202
1,"# Chapter_1
IN Talbot County, Eastern Shore, State of Maryland, near Easton, the county town, there is a small district of country, thinly populated, and remarkable for nothing that I know of more tha",Genesis 47:19,"Wherefore shall we die before thine eyes, both we and our land? buy us and our land for bread, and we and our land will be servants unto Pharaoh: and give us seed, that we may live, and not die, that ",-9.6246
590,"I regret that my engagements and duties were such that I could not then and there accept his invitation, for I could not doubt the sincerity with which it was given, or fail to see the value of compli",2 Corinthians 12:18,"I desired Titus, and with him I sent a brother. Did Titus make a gain of you? walked we not in the same spirit? walked we not in the",-9.6716
1,"# Chapter_1
IN Talbot County, Eastern Shore, State of Maryland, near Easton, the county town, there is a small district of country, thinly populated, and remarkable for nothing that I know of more tha",Jeremiah 8:19,Behold the voice of the cry of the daughter of my people because of them that dwell in a far country: Is not the LORD in Zion? is not her king in her? Why have they provoked me to anger with their gra,-9.7147
1,"# Chapter_1
IN Talbot County, Eastern Shore, State of Maryland, near Easton, the county town, there is a small district of country, thinly populated, and remarkable for nothing that I know of more tha",2 Chronicles 29:13,"And of the sons of Elizaphan; Shimri, and Jeiel: and of the sons",-9.7230
1,"# Chapter_1
IN Talbot County, Eastern Shore, State of Maryland, near Easton, the county town, there is a small district of country, thinly populated, and remarkable for nothing that I know of more tha",Ecclesiastes 10:16,"Woe to thee, O land, when thy king is a child, and thy princes",-9.7673
1,"# Chapter_1
IN Talbot County, Eastern Shore, State of Maryland, near Easton, the county town, there is a small district of country, thinly populated, and remarkable for nothing that I know of more tha",Mark 14:21,"The Son of man indeed goeth, as it is written of him: but woe to that man by whom the Son of man is betrayed! good were it for that man if he had never been born.",-9.8562
1,"# Chapter_1
IN Talbot County, Eastern Shore, State of Maryland, near Easton, the county town, there is a small district of country, thinly populated, and remarkable for nothing that I know of more tha",Hosea 1:2,"The beginning of the word of the LORD by Hosea. And the LORD said to Hosea, Go, take unto thee a wife of whoredoms and children of whoredoms: for the land hath committed great whoredom, departing from",-9.8605
